BaseLine_fprates,BaseLine_tprates,DeepTopPush_fprates,DeepTopPush_tprates,PatMatNP(0.01)_fprates,PatMatNP(0.01)_tprates,PatMatNP(0.05)_fprates,PatMatNP(0.05)_tprates,APPerf(0.01)_fprates,APPerf(0.01)_tprates,APPerf(0.05)_fprates,APPerf(0.05)_tprates,TFCO(0.01)_fprates,TFCO(0.01)_tprates,TFCO(0.05)_fprates,TFCO(0.05)_tprates
0.0009090909090909091,0.078,0.0009090909090909091,0.352,0.0009090909090909091,0.238,0.0009090909090909091,0.08600000000000001,0.0009090909090909091,0.19,0.0009090909090909091,0.19,0.0009090909090909091,0.31099999999999994,0.0009090909090909091,0.3369999999999999
0.0010101010101010099,0.08599999999999998,0.0010101010101010099,0.36600000000000005,0.0010101010101010099,0.25,0.0010101010101010099,0.096,0.00101010101010101,0.2,0.00101010101010101,0.21,0.0010101010101010099,0.32700000000000007,0.0010101010101010099,0.3470000000000001
0.0010101010101010099,0.08599999999999998,0.0010101010101010099,0.36600000000000005,0.0010101010101010099,0.25,0.0010101010101010099,0.096,0.00101010101010101,0.2,0.00101010101010101,0.21,0.0010101010101010099,0.32700000000000007,0.0010101010101010099,0.3470000000000001
0.0010101010101010099,0.08599999999999998,0.0010101010101010099,0.36600000000000005,0.0010101010101010099,0.25,0.0010101010101010099,0.096,0.00101010101010101,0.2,0.00101010101010101,0.21,0.0010101010101010099,0.32700000000000007,0.0010101010101010099,0.3470000000000001
0.0010101010101010099,0.08599999999999998,0.0010101010101010099,0.36600000000000005,0.0010101010101010099,0.25,0.0010101010101010099,0.096,0.00101010101010101,0.2,0.00101010101010101,0.21,0.0010101010101010099,0.32700000000000007,0.0010101010101010099,0.3470000000000001
0.0011111111111111111,0.09399999999999999,0.0011111111111111111,0.38499999999999995,0.0011111111111111111,0.28200000000000003,0.0011111111111111111,0.10599999999999998,0.0011111111111111111,0.21,0.0011111111111111111,0.22,0.0011111111111111111,0.3350000000000001,0.0011111111111111111,0.3470000000000001
0.0011111111111111111,0.09399999999999999,0.0011111111111111111,0.38499999999999995,0.0011111111111111111,0.28200000000000003,0.0011111111111111111,0.10599999999999998,0.0011111111111111111,0.21,0.0011111111111111111,0.22,0.0011111111111111111,0.3350000000000001,0.0011111111111111111,0.3470000000000001
0.0011111111111111111,0.09399999999999999,0.0011111111111111111,0.38499999999999995,0.0011111111111111111,0.28200000000000003,0.0011111111111111111,0.10599999999999998,0.0011111111111111111,0.21,0.0011111111111111111,0.22,0.0011111111111111111,0.3350000000000001,0.0011111111111111111,0.3470000000000001
0.0011111111111111111,0.09399999999999999,0.0011111111111111111,0.38499999999999995,0.0011111111111111111,0.28200000000000003,0.0011111111111111111,0.10599999999999998,0.0011111111111111111,0.21,0.0011111111111111111,0.22,0.0011111111111111111,0.3350000000000001,0.0011111111111111111,0.3470000000000001
0.0012121212121212123,0.10600000000000001,0.0012121212121212123,0.392,0.0012121212121212123,0.29700000000000004,0.0012121212121212123,0.11000000000000001,0.0012121212121212121,0.22,0.0012121212121212121,0.23,0.0012121212121212123,0.3469999999999999,0.0012121212121212123,0.362
0.0012121212121212123,0.10600000000000001,0.0012121212121212123,0.392,0.0012121212121212123,0.29700000000000004,0.0012121212121212123,0.11000000000000001,0.0012121212121212121,0.22,0.0012121212121212121,0.23,0.0012121212121212123,0.3469999999999999,0.0012121212121212123,0.362
0.0012121212121212123,0.10600000000000001,0.0012121212121212123,0.392,0.0012121212121212123,0.29700000000000004,0.0012121212121212123,0.11000000000000001,0.0012121212121212121,0.22,0.0012121212121212121,0.23,0.0012121212121212123,0.3469999999999999,0.0012121212121212123,0.362
0.0013131313131313131,0.11500000000000002,0.0013131313131313131,0.41,0.0013131313131313131,0.307,0.0013131313131313131,0.124,0.0013131313131313131,0.23,0.0013131313131313131,0.23,0.0013131313131313131,0.362,0.0013131313131313131,0.378
0.0013131313131313131,0.11500000000000002,0.0013131313131313131,0.41,0.0013131313131313131,0.307,0.0013131313131313131,0.124,0.0013131313131313131,0.23,0.0013131313131313131,0.23,0.0013131313131313131,0.362,0.0013131313131313131,0.378
0.0013131313131313131,0.11500000000000002,0.0013131313131313131,0.41,0.0013131313131313131,0.307,0.0013131313131313131,0.124,0.0013131313131313131,0.23,0.0013131313131313131,0.23,0.0013131313131313131,0.362,0.0013131313131313131,0.378
0.0014141414141414144,0.11800000000000002,0.0014141414141414144,0.42799999999999994,0.0014141414141414144,0.325,0.0014141414141414144,0.131,0.0014141414141414141,0.25,0.0014141414141414141,0.23,0.0014141414141414144,0.38299999999999995,0.0014141414141414144,0.39699999999999996
0.0014141414141414144,0.11800000000000002,0.0014141414141414144,0.42799999999999994,0.0014141414141414144,0.325,0.0014141414141414144,0.131,0.0014141414141414141,0.25,0.0014141414141414141,0.23,0.0014141414141414144,0.38299999999999995,0.0014141414141414144,0.39699999999999996
0.0014141414141414144,0.11800000000000002,0.0014141414141414144,0.42799999999999994,0.0014141414141414144,0.325,0.0014141414141414144,0.131,0.0014141414141414141,0.25,0.0014141414141414141,0.23,0.0014141414141414144,0.38299999999999995,0.0014141414141414144,0.39699999999999996
0.001515151515151515,0.126,0.001515151515151515,0.43999999999999995,0.001515151515151515,0.33799999999999997,0.001515151515151515,0.13999999999999999,0.0015151515151515152,0.26,0.0015151515151515152,0.26,0.001515151515151515,0.38699999999999996,0.001515151515151515,0.39799999999999996
0.001515151515151515,0.126,0.001515151515151515,0.43999999999999995,0.001515151515151515,0.33799999999999997,0.001515151515151515,0.13999999999999999,0.0015151515151515152,0.26,0.0015151515151515152,0.26,0.001515151515151515,0.38699999999999996,0.001515151515151515,0.39799999999999996
0.001515151515151515,0.126,0.001515151515151515,0.43999999999999995,0.001515151515151515,0.33799999999999997,0.001515151515151515,0.13999999999999999,0.0015151515151515152,0.26,0.0015151515151515152,0.26,0.001515151515151515,0.38699999999999996,0.001515151515151515,0.39799999999999996
0.0016161616161616162,0.136,0.0016161616161616162,0.45299999999999996,0.0016161616161616162,0.355,0.0016161616161616162,0.14900000000000002,0.0016161616161616162,0.27,0.0016161616161616162,0.26,0.0016161616161616162,0.3960000000000001,0.0016161616161616162,0.40800000000000003
0.0016161616161616162,0.136,0.0016161616161616162,0.45299999999999996,0.0016161616161616162,0.355,0.0016161616161616162,0.14900000000000002,0.0016161616161616162,0.27,0.0016161616161616162,0.26,0.0016161616161616162,0.3960000000000001,0.0016161616161616162,0.40800000000000003
0.0016161616161616162,0.136,0.0016161616161616162,0.45299999999999996,0.0016161616161616162,0.355,0.0016161616161616162,0.14900000000000002,0.0016161616161616162,0.27,0.0016161616161616162,0.26,0.0016161616161616162,0.3960000000000001,0.0016161616161616162,0.40800000000000003
0.0017171717171717174,0.14100000000000001,0.0017171717171717174,0.4589999999999999,0.0017171717171717174,0.361,0.0017171717171717174,0.16100000000000003,0.0017171717171717172,0.29,0.0017171717171717172,0.26,0.0017171717171717174,0.40700000000000003,0.0017171717171717174,0.417
0.0017171717171717174,0.14100000000000001,0.0017171717171717174,0.4589999999999999,0.0017171717171717174,0.361,0.0017171717171717174,0.16100000000000003,0.0017171717171717172,0.29,0.0017171717171717172,0.26,0.0017171717171717174,0.40700000000000003,0.0017171717171717174,0.417
0.0018181818181818182,0.15100000000000002,0.0018181818181818182,0.46699999999999997,0.0018181818181818182,0.386,0.0018181818181818182,0.16499999999999998,0.0018181818181818182,0.29,0.0018181818181818182,0.28,0.0018181818181818182,0.41200000000000003,0.0018181818181818182,0.422
0.0018181818181818182,0.15100000000000002,0.0018181818181818182,0.46699999999999997,0.0018181818181818182,0.386,0.0018181818181818182,0.16499999999999998,0.0018181818181818182,0.29,0.0018181818181818182,0.28,0.0018181818181818182,0.41200000000000003,0.0018181818181818182,0.422
0.0018181818181818182,0.15100000000000002,0.0018181818181818182,0.46699999999999997,0.0018181818181818182,0.386,0.0018181818181818182,0.16499999999999998,0.0018181818181818182,0.29,0.0018181818181818182,0.28,0.0018181818181818182,0.41200000000000003,0.0018181818181818182,0.422
0.001919191919191919,0.16299999999999998,0.001919191919191919,0.4750000000000001,0.001919191919191919,0.4069999999999999,0.001919191919191919,0.177,0.0019191919191919192,0.3,0.0019191919191919192,0.28,0.001919191919191919,0.413,0.001919191919191919,0.422
0.001919191919191919,0.16299999999999998,0.001919191919191919,0.4750000000000001,0.001919191919191919,0.4069999999999999,0.001919191919191919,0.177,0.0019191919191919192,0.3,0.0019191919191919192,0.28,0.001919191919191919,0.413,0.001919191919191919,0.422
0.0020202020202020198,0.16899999999999998,0.0020202020202020198,0.48199999999999993,0.0020202020202020198,0.41600000000000004,0.0020202020202020198,0.18799999999999997,0.00202020202020202,0.3,0.00202020202020202,0.28,0.0020202020202020198,0.414,0.0020202020202020198,0.42400000000000004
0.0020202020202020198,0.16899999999999998,0.0020202020202020198,0.48199999999999993,0.0020202020202020198,0.41600000000000004,0.0020202020202020198,0.18799999999999997,0.00202020202020202,0.3,0.00202020202020202,0.28,0.0020202020202020198,0.414,0.0020202020202020198,0.42400000000000004
0.0021212121212121214,0.16999999999999998,0.0021212121212121214,0.487,0.0021212121212121214,0.42400000000000004,0.0021212121212121214,0.193,0.0021212121212121214,0.3,0.0021212121212121214,0.28,0.0021212121212121214,0.41500000000000004,0.0021212121212121214,0.42400000000000004
0.0021212121212121214,0.16999999999999998,0.0021212121212121214,0.487,0.0021212121212121214,0.42400000000000004,0.0021212121212121214,0.193,0.0021212121212121214,0.3,0.0021212121212121214,0.28,0.0021212121212121214,0.41500000000000004,0.0021212121212121214,0.42400000000000004
0.0022222222222222222,0.173,0.0022222222222222222,0.4999999999999999,0.0022222222222222222,0.433,0.0022222222222222222,0.20299999999999999,0.0022222222222222222,0.31,0.0022222222222222222,0.3,0.0022222222222222222,0.41500000000000004,0.0022222222222222222,0.42400000000000004
0.0022222222222222222,0.173,0.0022222222222222222,0.4999999999999999,0.0022222222222222222,0.433,0.0022222222222222222,0.20299999999999999,0.0022222222222222222,0.31,0.0022222222222222222,0.3,0.0022222222222222222,0.41500000000000004,0.0022222222222222222,0.42400000000000004
0.002323232323232324,0.175,0.002323232323232324,0.507,0.002323232323232324,0.437,0.002323232323232324,0.22000000000000003,0.0023232323232323234,0.33,0.0023232323232323234,0.31,0.002323232323232324,0.42300000000000004,0.002323232323232324,0.43500000000000005
0.002323232323232324,0.175,0.002323232323232324,0.507,0.002323232323232324,0.437,0.002323232323232324,0.22000000000000003,0.0023232323232323234,0.33,0.0023232323232323234,0.31,0.002323232323232324,0.42300000000000004,0.002323232323232324,0.43500000000000005
0.0024242424242424247,0.184,0.0024242424242424247,0.512,0.0024242424242424247,0.44899999999999995,0.0024242424242424247,0.23900000000000002,0.0024242424242424242,0.38,0.0024242424242424242,0.31,0.0024242424242424247,0.43000000000000005,0.0024242424242424247,0.43500000000000005
0.002525252525252525,0.184,0.002525252525252525,0.522,0.002525252525252525,0.4579999999999999,0.002525252525252525,0.24300000000000002,0.0025252525252525255,0.38,0.0025252525252525255,0.31,0.002525252525252525,0.43500000000000005,0.002525252525252525,0.4370000000000001
0.002525252525252525,0.184,0.002525252525252525,0.522,0.002525252525252525,0.4579999999999999,0.002525252525252525,0.24300000000000002,0.0025252525252525255,0.38,0.0025252525252525255,0.31,0.002525252525252525,0.43500000000000005,0.002525252525252525,0.4370000000000001
0.0026262626262626263,0.19099999999999998,0.0026262626262626263,0.524,0.0026262626262626263,0.46900000000000003,0.0026262626262626263,0.259,0.0026262626262626263,0.38,0.0026262626262626263,0.35,0.0026262626262626263,0.4370000000000001,0.0026262626262626263,0.44000000000000006
0.0026262626262626263,0.19099999999999998,0.0026262626262626263,0.524,0.0026262626262626263,0.46900000000000003,0.0026262626262626263,0.259,0.0026262626262626263,0.38,0.0026262626262626263,0.35,0.0026262626262626263,0.4370000000000001,0.0026262626262626263,0.44000000000000006
0.0027272727272727275,0.19499999999999998,0.0027272727272727275,0.529,0.0027272727272727275,0.47300000000000003,0.0027272727272727275,0.264,0.0027272727272727275,0.38,0.0027272727272727275,0.39,0.0027272727272727275,0.445,0.0027272727272727275,0.454
0.0028282828282828287,0.202,0.0028282828282828287,0.53,0.0028282828282828287,0.48299999999999993,0.0028282828282828287,0.26599999999999996,0.0028282828282828283,0.4,0.0028282828282828283,0.39,0.0028282828282828287,0.446,0.0028282828282828287,0.454
0.0028282828282828287,0.202,0.0028282828282828287,0.53,0.0028282828282828287,0.48299999999999993,0.0028282828282828287,0.26599999999999996,0.0028282828282828283,0.4,0.0028282828282828283,0.39,0.0028282828282828287,0.446,0.0028282828282828287,0.454
0.00292929292929293,0.205,0.00292929292929293,0.5389999999999999,0.00292929292929293,0.48699999999999993,0.00292929292929293,0.27099999999999996,0.0029292929292929295,0.4,0.0029292929292929295,0.39,0.00292929292929293,0.44800000000000006,0.00292929292929293,0.454
0.00303030303030303,0.211,0.00303030303030303,0.5419999999999999,0.00303030303030303,0.48999999999999994,0.00303030303030303,0.27199999999999996,0.0030303030303030303,0.4,0.0030303030303030303,0.4,0.00303030303030303,0.45,0.00303030303030303,0.454
0.00303030303030303,0.211,0.00303030303030303,0.5419999999999999,0.00303030303030303,0.48999999999999994,0.00303030303030303,0.27199999999999996,0.0030303030303030303,0.4,0.0030303030303030303,0.4,0.00303030303030303,0.45,0.00303030303030303,0.454
0.0031313131313131315,0.213,0.0031313131313131315,0.545,0.0031313131313131315,0.495,0.0031313131313131315,0.278,0.0031313131313131315,0.4,0.0031313131313131315,0.4,0.0031313131313131315,0.45200000000000007,0.0031313131313131315,0.45499999999999996
0.0032323232323232323,0.217,0.0032323232323232323,0.545,0.0032323232323232323,0.5040000000000001,0.0032323232323232323,0.28600000000000003,0.0032323232323232323,0.4,0.0032323232323232323,0.4,0.0032323232323232323,0.4589999999999999,0.0032323232323232323,0.46499999999999986
0.003333333333333333,0.22399999999999998,0.003333333333333333,0.5509999999999999,0.003333333333333333,0.51,0.003333333333333333,0.29500000000000004,0.0033333333333333335,0.42,0.0033333333333333335,0.4,0.003333333333333333,0.4740000000000001,0.003333333333333333,0.4820000000000001
0.003333333333333333,0.22399999999999998,0.003333333333333333,0.5509999999999999,0.003333333333333333,0.51,0.003333333333333333,0.29500000000000004,0.0033333333333333335,0.42,0.0033333333333333335,0.4,0.003333333333333333,0.4740000000000001,0.003333333333333333,0.4820000000000001
0.0034343434343434348,0.22800000000000004,0.0034343434343434348,0.5549999999999999,0.0034343434343434348,0.513,0.0034343434343434348,0.31099999999999994,0.0034343434343434343,0.42,0.0034343434343434343,0.41,0.0034343434343434348,0.4740000000000001,0.0034343434343434348,0.4820000000000001
0.0035353535353535364,0.23499999999999996,0.0035353535353535364,0.56,0.0035353535353535364,0.517,0.0035353535353535364,0.327,0.0035353535353535356,0.43,0.0035353535353535356,0.43,0.0035353535353535364,0.47700000000000015,0.0035353535353535364,0.4840000000000001
0.0036363636363636364,0.23899999999999996,0.0036363636363636364,0.5660000000000001,0.0036363636363636364,0.5269999999999999,0.0036363636363636364,0.33199999999999996,0.0036363636363636364,0.44,0.0036363636363636364,0.43,0.0036363636363636364,0.4780000000000001,0.0036363636363636364,0.4840000000000001
0.003737373737373738,0.246,0.003737373737373738,0.5690000000000001,0.003737373737373738,0.532,0.003737373737373738,0.33499999999999996,0.0037373737373737376,0.44,0.0037373737373737376,0.43,0.003737373737373738,0.49499999999999994,0.003737373737373738,0.5009999999999999
0.003737373737373738,0.246,0.003737373737373738,0.5690000000000001,0.003737373737373738,0.532,0.003737373737373738,0.33499999999999996,0.0037373737373737376,0.44,0.0037373737373737376,0.43,0.003737373737373738,0.49499999999999994,0.003737373737373738,0.5009999999999999
0.003838383838383838,0.25,0.003838383838383838,0.571,0.003838383838383838,0.539,0.003838383838383838,0.34099999999999997,0.0038383838383838384,0.46,0.0038383838383838384,0.45,0.003838383838383838,0.5029999999999999,0.003838383838383838,0.5109999999999999
0.003939393939393939,0.254,0.003939393939393939,0.576,0.003939393939393939,0.5429999999999999,0.003939393939393939,0.344,0.00393939393939394,0.48,0.00393939393939394,0.47,0.003939393939393939,0.509,0.003939393939393939,0.5109999999999999
0.0040404040404040395,0.26,0.0040404040404040395,0.582,0.0040404040404040395,0.5459999999999999,0.0040404040404040395,0.354,0.00404040404040404,0.48,0.00404040404040404,0.49,0.0040404040404040395,0.5309999999999999,0.0040404040404040395,0.5369999999999999
0.004141414141414141,0.267,0.004141414141414141,0.584,0.004141414141414141,0.55,0.004141414141414141,0.356,0.004141414141414141,0.52,0.004141414141414141,0.49,0.004141414141414141,0.5309999999999999,0.004141414141414141,0.5369999999999999
0.004242424242424243,0.271,0.004242424242424243,0.589,0.004242424242424243,0.5509999999999999,0.004242424242424243,0.365,0.004242424242424243,0.54,0.004242424242424243,0.49,0.004242424242424243,0.5319999999999999,0.004242424242424243,0.5369999999999999
0.004343434343434344,0.272,0.004343434343434344,0.592,0.004343434343434344,0.5559999999999998,0.004343434343434344,0.371,0.004343434343434344,0.55,0.004343434343434344,0.5,0.004343434343434344,0.5420000000000001,0.004343434343434344,0.548
0.0044444444444444444,0.276,0.0044444444444444444,0.6,0.0044444444444444444,0.5569999999999998,0.0044444444444444444,0.382,0.0044444444444444444,0.57,0.0044444444444444444,0.5,0.0044444444444444444,0.5430000000000001,0.0044444444444444444,0.5500000000000002
0.004545454545454546,0.27999999999999997,0.004545454545454546,0.601,0.004545454545454546,0.558,0.004545454545454546,0.384,0.004545454545454545,0.57,0.004545454545454545,0.52,0.004545454545454546,0.5450000000000002,0.004545454545454546,0.5500000000000002
0.004646464646464648,0.28300000000000003,0.004646464646464648,0.603,0.004646464646464648,0.5589999999999999,0.004646464646464648,0.39499999999999996,0.004646464646464647,0.57,0.004646464646464647,0.53,0.004646464646464648,0.553,0.004646464646464648,0.561
0.0047474747474747486,0.29,0.0047474747474747486,0.605,0.0047474747474747486,0.5599999999999999,0.0047474747474747486,0.403,0.004747474747474748,0.57,0.004747474747474748,0.55,0.0047474747474747486,0.554,0.0047474747474747486,0.562
0.004949494949494948,0.298,0.004949494949494948,0.611,0.004949494949494948,0.563,0.004949494949494948,0.413,0.004949494949494949,0.58,0.004949494949494949,0.55,0.004949494949494948,0.5640000000000001,0.004949494949494948,0.5720000000000001
0.00505050505050505,0.304,0.00505050505050505,0.6169999999999999,0.00505050505050505,0.569,0.00505050505050505,0.41999999999999993,0.005050505050505051,0.58,0.005050505050505051,0.55,0.00505050505050505,0.5650000000000001,0.00505050505050505,0.5720000000000001
0.005151515151515151,0.306,0.005151515151515151,0.624,0.005151515151515151,0.5720000000000001,0.005151515151515151,0.42399999999999993,0.005151515151515152,0.59,0.005151515151515152,0.55,0.005151515151515151,0.5650000000000001,0.005151515151515151,0.5720000000000001
0.0052525252525252525,0.30700000000000005,0.0052525252525252525,0.627,0.0052525252525252525,0.5730000000000001,0.0052525252525252525,0.42699999999999994,0.0052525252525252525,0.59,0.0052525252525252525,0.56,0.0052525252525252525,0.567,0.0052525252525252525,0.5720000000000001
0.005353535353535353,0.30999999999999994,0.005353535353535353,0.633,0.005353535353535353,0.579,0.005353535353535353,0.43400000000000005,0.005353535353535353,0.59,0.005353535353535353,0.57,0.005353535353535353,0.567,0.005353535353535353,0.5730000000000001
0.005555555555555556,0.31499999999999995,0.005555555555555556,0.639,0.005555555555555556,0.579,0.005555555555555556,0.445,0.005555555555555556,0.59,0.005555555555555556,0.57,0.005555555555555556,0.5680000000000001,0.005555555555555556,0.575
0.005656565656565657,0.32299999999999995,0.005656565656565657,0.6419999999999999,0.005656565656565657,0.5820000000000001,0.005656565656565657,0.45,0.0056565656565656566,0.6,0.0056565656565656566,0.6,0.005656565656565657,0.5839999999999999,0.005656565656565657,0.591
0.005757575757575758,0.32999999999999996,0.005757575757575758,0.6419999999999999,0.005757575757575758,0.5840000000000001,0.005757575757575758,0.453,0.005757575757575757,0.6,0.005757575757575757,0.6,0.005757575757575758,0.5839999999999999,0.005757575757575758,0.591
0.00585858585858586,0.33199999999999996,0.00585858585858586,0.6439999999999999,0.00585858585858586,0.5880000000000001,0.00585858585858586,0.46699999999999997,0.005858585858585859,0.6,0.005858585858585859,0.6,0.00585858585858586,0.5839999999999999,0.00585858585858586,0.5919999999999999
0.00606060606060606,0.33899999999999997,0.00606060606060606,0.65,0.00606060606060606,0.594,0.00606060606060606,0.4680000000000001,0.006060606060606061,0.61,0.006060606060606061,0.6,0.00606060606060606,0.5849999999999999,0.00606060606060606,0.5919999999999999
0.0061616161616161605,0.34199999999999997,0.0061616161616161605,0.653,0.0061616161616161605,0.594,0.0061616161616161605,0.472,0.006161616161616161,0.61,0.006161616161616161,0.6,0.0061616161616161605,0.6000000000000001,0.0061616161616161605,0.6080000000000001
0.006363636363636365,0.35,0.006363636363636365,0.653,0.006363636363636365,0.6010000000000001,0.006363636363636365,0.48100000000000004,0.006363636363636364,0.61,0.006363636363636364,0.6,0.006363636363636365,0.6010000000000001,0.006363636363636365,0.6100000000000001
0.006464646464646465,0.356,0.006464646464646465,0.654,0.006464646464646465,0.603,0.006464646464646465,0.48900000000000005,0.006464646464646465,0.61,0.006464646464646465,0.62,0.006464646464646465,0.6079999999999999,0.006464646464646465,0.618
0.006666666666666666,0.3629999999999999,0.006666666666666666,0.658,0.006666666666666666,0.6050000000000001,0.006666666666666666,0.49300000000000005,0.006666666666666667,0.61,0.006666666666666667,0.63,0.006666666666666666,0.61,0.006666666666666666,0.6199999999999999
0.006767676767676768,0.36499999999999994,0.006767676767676768,0.66,0.006767676767676768,0.608,0.006767676767676768,0.5000000000000001,0.006767676767676768,0.61,0.006767676767676768,0.63,0.006767676767676768,0.61,0.006767676767676768,0.6209999999999999
0.006969696969696971,0.372,0.006969696969696971,0.667,0.006969696969696971,0.612,0.006969696969696971,0.509,0.0069696969696969695,0.61,0.0069696969696969695,0.63,0.006969696969696971,0.6119999999999999,0.006969696969696971,0.6209999999999999
0.007171717171717172,0.382,0.007171717171717172,0.671,0.007171717171717172,0.6199999999999999,0.007171717171717172,0.5120000000000001,0.007171717171717172,0.61,0.007171717171717172,0.63,0.007171717171717172,0.6119999999999999,0.007171717171717172,0.622
0.007272727272727273,0.39,0.007272727272727273,0.671,0.007272727272727273,0.625,0.007272727272727273,0.517,0.007272727272727273,0.62,0.007272727272727273,0.63,0.007272727272727273,0.6209999999999999,0.007272727272727273,0.631
0.007474747474747476,0.4,0.007474747474747476,0.675,0.007474747474747476,0.627,0.007474747474747476,0.522,0.007474747474747475,0.62,0.007474747474747475,0.63,0.007474747474747476,0.626,0.007474747474747476,0.6329999999999999
0.007676767676767676,0.4080000000000001,0.007676767676767676,0.68,0.007676767676767676,0.632,0.007676767676767676,0.527,0.007676767676767677,0.63,0.007676767676767677,0.63,0.007676767676767676,0.627,0.007676767676767676,0.6369999999999999
0.0077777777777777776,0.4090000000000001,0.0077777777777777776,0.68,0.0077777777777777776,0.632,0.0077777777777777776,0.53,0.0077777777777777776,0.63,0.0077777777777777776,0.63,0.0077777777777777776,0.6279999999999999,0.0077777777777777776,0.6369999999999999
0.007979797979797977,0.41400000000000003,0.007979797979797977,0.6849999999999999,0.007979797979797977,0.636,0.007979797979797977,0.5349999999999999,0.00797979797979798,0.63,0.00797979797979798,0.63,0.007979797979797977,0.631,0.007979797979797977,0.6369999999999999
0.00818181818181818,0.426,0.00818181818181818,0.6859999999999999,0.00818181818181818,0.6420000000000001,0.00818181818181818,0.5439999999999999,0.008181818181818182,0.63,0.008181818181818182,0.63,0.00818181818181818,0.6319999999999999,0.00818181818181818,0.6379999999999999
0.008383838383838384,0.43500000000000005,0.008383838383838384,0.6869999999999999,0.008383838383838384,0.6430000000000001,0.008383838383838384,0.546,0.008383838383838384,0.64,0.008383838383838384,0.63,0.008383838383838384,0.6339999999999999,0.008383838383838384,0.6379999999999999
0.008585858585858586,0.43900000000000006,0.008585858585858586,0.689,0.008585858585858586,0.6450000000000001,0.008585858585858586,0.5529999999999999,0.008585858585858586,0.64,0.008585858585858586,0.65,0.008585858585858586,0.635,0.008585858585858586,0.639
0.008787878787878787,0.44200000000000006,0.008787878787878787,0.69,0.008787878787878787,0.6460000000000001,0.008787878787878787,0.5549999999999999,0.008787878787878787,0.64,0.008787878787878787,0.65,0.008787878787878787,0.6369999999999999,0.008787878787878787,0.639
0.00898989898989899,0.457,0.00898989898989899,0.6950000000000001,0.00898989898989899,0.648,0.00898989898989899,0.5619999999999999,0.00898989898989899,0.64,0.00898989898989899,0.65,0.00898989898989899,0.639,0.00898989898989899,0.639
0.009191919191919194,0.4640000000000001,0.009191919191919194,0.696,0.009191919191919194,0.648,0.009191919191919194,0.563,0.009191919191919192,0.64,0.009191919191919192,0.65,0.009191919191919194,0.647,0.009191919191919194,0.6480000000000001
0.009393939393939395,0.46699999999999997,0.009393939393939395,0.697,0.009393939393939395,0.653,0.009393939393939395,0.5650000000000001,0.009393939393939394,0.65,0.009393939393939394,0.65,0.009393939393939395,0.6490000000000001,0.009393939393939395,0.6500000000000001
0.009595959595959597,0.475,0.009595959595959597,0.6990000000000001,0.009595959595959597,0.656,0.009595959595959597,0.572,0.009595959595959595,0.65,0.009595959595959595,0.65,0.009595959595959597,0.6500000000000001,0.009595959595959597,0.651
0.009898989898989897,0.49000000000000005,0.009898989898989897,0.7,0.009898989898989897,0.6619999999999999,0.009898989898989897,0.5780000000000001,0.009898989898989899,0.65,0.009898989898989899,0.65,0.009898989898989897,0.666,0.009898989898989897,0.667
0.009999999999999998,0.4940000000000001,0.009999999999999998,0.702,0.009999999999999998,0.663,0.009999999999999998,0.58,0.01,0.65,0.01,0.65,0.009999999999999998,0.6729999999999999,0.009999999999999998,0.6759999999999999
0.0101010101010101,0.4960000000000001,0.0101010101010101,0.702,0.0101010101010101,0.6649999999999999,0.0101010101010101,0.584,0.010101010101010102,0.65,0.010101010101010102,0.65,0.0101010101010101,0.6729999999999999,0.0101010101010101,0.6759999999999999
0.010303030303030302,0.4990000000000001,0.010303030303030302,0.704,0.010303030303030302,0.6669999999999999,0.010303030303030302,0.5880000000000001,0.010303030303030303,0.67,0.010303030303030303,0.65,0.010303030303030302,0.6739999999999999,0.010303030303030302,0.6759999999999999
0.010606060606060607,0.508,0.010606060606060607,0.7050000000000001,0.010606060606060607,0.6749999999999999,0.010606060606060607,0.5930000000000002,0.010606060606060607,0.67,0.010606060606060607,0.65,0.010606060606060607,0.6890000000000002,0.010606060606060607,0.6920000000000001
0.010808080808080808,0.514,0.010808080808080808,0.7060000000000001,0.010808080808080808,0.678,0.010808080808080808,0.599,0.010808080808080808,0.67,0.010808080808080808,0.65,0.010808080808080808,0.6900000000000002,0.010808080808080808,0.6930000000000002
0.011111111111111112,0.522,0.011111111111111112,0.714,0.011111111111111112,0.6819999999999999,0.011111111111111112,0.609,0.011111111111111112,0.67,0.011111111111111112,0.65,0.011111111111111112,0.6900000000000002,0.011111111111111112,0.6940000000000002
0.011313131313131315,0.5280000000000001,0.011313131313131315,0.718,0.011313131313131315,0.6859999999999999,0.011313131313131315,0.611,0.011313131313131313,0.67,0.011313131313131313,0.66,0.011313131313131315,0.6940000000000002,0.011313131313131315,0.6950000000000001
0.011616161616161618,0.5389999999999999,0.011616161616161618,0.723,0.011616161616161618,0.688,0.011616161616161618,0.6169999999999999,0.011616161616161616,0.67,0.011616161616161616,0.68,0.011616161616161618,0.6940000000000002,0.011616161616161618,0.6980000000000002
0.011919191919191918,0.55,0.011919191919191918,0.724,0.011919191919191918,0.69,0.011919191919191918,0.6209999999999999,0.01191919191919192,0.67,0.01191919191919192,0.68,0.011919191919191918,0.6950000000000001,0.011919191919191918,0.6980000000000002
0.012222222222222221,0.5559999999999999,0.012222222222222221,0.727,0.012222222222222221,0.693,0.012222222222222221,0.626,0.012222222222222223,0.67,0.012222222222222223,0.68,0.012222222222222221,0.6950000000000001,0.012222222222222221,0.6980000000000002
0.012424242424242423,0.5569999999999999,0.012424242424242423,0.728,0.012424242424242423,0.693,0.012424242424242423,0.6279999999999999,0.012424242424242424,0.67,0.012424242424242424,0.68,0.012424242424242423,0.6960000000000001,0.012424242424242423,0.6980000000000002
0.01272727272727273,0.563,0.01272727272727273,0.731,0.01272727272727273,0.695,0.01272727272727273,0.6340000000000001,0.012727272727272728,0.67,0.012727272727272728,0.68,0.01272727272727273,0.704,0.01272727272727273,0.707
0.013030303030303031,0.5679999999999998,0.013030303030303031,0.7350000000000001,0.013030303030303031,0.696,0.013030303030303031,0.641,0.013030303030303031,0.67,0.013030303030303031,0.69,0.013030303030303031,0.706,0.013030303030303031,0.707
0.013333333333333332,0.5740000000000001,0.013333333333333332,0.7380000000000001,0.013333333333333332,0.6990000000000001,0.013333333333333332,0.645,0.013333333333333334,0.68,0.013333333333333334,0.69,0.013333333333333332,0.7149999999999999,0.013333333333333332,0.7149999999999999
0.013636363636363637,0.585,0.013636363636363637,0.743,0.013636363636363637,0.702,0.013636363636363637,0.649,0.013636363636363636,0.68,0.013636363636363636,0.69,0.013636363636363637,0.7149999999999999,0.013636363636363637,0.7149999999999999
0.014040404040404044,0.597,0.014040404040404044,0.744,0.014040404040404044,0.7079999999999999,0.014040404040404044,0.655,0.01404040404040404,0.69,0.01404040404040404,0.69,0.014040404040404044,0.7169999999999999,0.014040404040404044,0.7159999999999999
0.014343434343434344,0.601,0.014343434343434344,0.7449999999999999,0.014343434343434344,0.7140000000000001,0.014343434343434344,0.6599999999999999,0.014343434343434344,0.69,0.014343434343434344,0.69,0.014343434343434344,0.7240000000000002,0.014343434343434344,0.7250000000000002
0.014646464646464647,0.61,0.014646464646464647,0.7469999999999999,0.014646464646464647,0.717,0.014646464646464647,0.6639999999999999,0.014646464646464647,0.69,0.014646464646464647,0.69,0.014646464646464647,0.7260000000000002,0.014646464646464647,0.7270000000000001
0.015050505050505047,0.619,0.015050505050505047,0.7469999999999999,0.015050505050505047,0.719,0.015050505050505047,0.6679999999999999,0.01505050505050505,0.69,0.01505050505050505,0.7,0.015050505050505047,0.7260000000000002,0.015050505050505047,0.7270000000000001
0.015353535353535352,0.623,0.015353535353535352,0.749,0.015353535353535352,0.72,0.015353535353535352,0.671,0.015353535353535354,0.7,0.015353535353535354,0.7,0.015353535353535352,0.7270000000000001,0.015353535353535352,0.7270000000000001
0.015757575757575755,0.6319999999999999,0.015757575757575755,0.751,0.015757575757575755,0.722,0.015757575757575755,0.673,0.01575757575757576,0.7,0.01575757575757576,0.7,0.015757575757575755,0.7300000000000001,0.015757575757575755,0.7280000000000001
0.016060606060606056,0.639,0.016060606060606056,0.752,0.016060606060606056,0.7260000000000001,0.016060606060606056,0.675,0.01606060606060606,0.7,0.01606060606060606,0.7,0.016060606060606056,0.7300000000000001,0.016060606060606056,0.7280000000000001
0.016464646464646463,0.6489999999999999,0.016464646464646463,0.7540000000000001,0.016464646464646463,0.7290000000000001,0.016464646464646463,0.6779999999999999,0.016464646464646463,0.7,0.016464646464646463,0.7,0.016464646464646463,0.7310000000000002,0.016464646464646463,0.7280000000000001
0.01686868686868687,0.6559999999999999,0.01686868686868687,0.756,0.01686868686868687,0.7310000000000001,0.01686868686868687,0.6819999999999998,0.01686868686868687,0.7,0.01686868686868687,0.7,0.01686868686868687,0.7330000000000002,0.01686868686868687,0.7290000000000001
0.017272727272727273,0.6610000000000001,0.017272727272727273,0.756,0.017272727272727273,0.735,0.017272727272727273,0.6889999999999998,0.017272727272727273,0.7,0.017272727272727273,0.7,0.017272727272727273,0.7340000000000002,0.017272727272727273,0.7290000000000001
0.017676767676767676,0.6660000000000001,0.017676767676767676,0.758,0.017676767676767676,0.7390000000000001,0.017676767676767676,0.694,0.017676767676767676,0.7,0.017676767676767676,0.7,0.017676767676767676,0.7340000000000002,0.017676767676767676,0.7290000000000001
0.018080808080808083,0.67,0.018080808080808083,0.76,0.018080808080808083,0.743,0.018080808080808083,0.6990000000000001,0.01808080808080808,0.71,0.01808080808080808,0.7,0.018080808080808083,0.7420000000000002,0.018080808080808083,0.7370000000000001
0.01848484848484849,0.6799999999999999,0.01848484848484849,0.7609999999999999,0.01848484848484849,0.7449999999999999,0.01848484848484849,0.7030000000000001,0.018484848484848486,0.72,0.018484848484848486,0.71,0.01848484848484849,0.7430000000000001,0.01848484848484849,0.7370000000000001
0.018989898989898994,0.6859999999999999,0.018989898989898994,0.764,0.018989898989898994,0.748,0.018989898989898994,0.709,0.01898989898989899,0.72,0.01898989898989899,0.71,0.018989898989898994,0.751,0.018989898989898994,0.745
0.019393939393939397,0.6900000000000001,0.019393939393939397,0.7649999999999999,0.019393939393939397,0.751,0.019393939393939397,0.7130000000000001,0.019393939393939394,0.72,0.019393939393939394,0.72,0.019393939393939397,0.754,0.019393939393939397,0.745
0.019797979797979794,0.6940000000000002,0.019797979797979794,0.767,0.019797979797979794,0.7569999999999999,0.019797979797979794,0.7150000000000001,0.019797979797979797,0.72,0.019797979797979797,0.72,0.019797979797979794,0.754,0.019797979797979794,0.747
0.0203030303030303,0.6970000000000001,0.0203030303030303,0.7710000000000001,0.0203030303030303,0.7609999999999999,0.0203030303030303,0.722,0.020303030303030302,0.72,0.020303030303030302,0.72,0.0203030303030303,0.754,0.0203030303030303,0.747
0.020808080808080807,0.701,0.020808080808080807,0.772,0.020808080808080807,0.7630000000000001,0.020808080808080807,0.725,0.020808080808080807,0.73,0.020808080808080807,0.73,0.020808080808080807,0.7609999999999999,0.020808080808080807,0.7549999999999999
0.02131313131313131,0.7070000000000001,0.02131313131313131,0.778,0.02131313131313131,0.766,0.02131313131313131,0.7270000000000001,0.02131313131313131,0.73,0.02131313131313131,0.74,0.02131313131313131,0.7609999999999999,0.02131313131313131,0.7569999999999999
0.02181818181818182,0.712,0.02181818181818182,0.779,0.02181818181818182,0.7680000000000001,0.02181818181818182,0.732,0.02181818181818182,0.74,0.02181818181818182,0.74,0.02181818181818182,0.7609999999999999,0.02181818181818182,0.7579999999999998
0.022323232323232325,0.723,0.022323232323232325,0.783,0.022323232323232325,0.772,0.022323232323232325,0.737,0.022323232323232325,0.75,0.022323232323232325,0.77,0.022323232323232325,0.7609999999999999,0.022323232323232325,0.7589999999999999
0.022828282828282833,0.728,0.022828282828282833,0.7859999999999999,0.022828282828282833,0.772,0.022828282828282833,0.739,0.02282828282828283,0.77,0.02282828282828283,0.78,0.022828282828282833,0.7619999999999998,0.022828282828282833,0.7599999999999999
0.023333333333333338,0.7349999999999999,0.023333333333333338,0.7900000000000001,0.023333333333333338,0.775,0.023333333333333338,0.742,0.023333333333333334,0.77,0.023333333333333334,0.78,0.023333333333333338,0.7629999999999999,0.023333333333333338,0.7619999999999998
0.023939393939393937,0.7419999999999999,0.023939393939393937,0.793,0.023939393939393937,0.776,0.023939393939393937,0.743,0.02393939393939394,0.78,0.02393939393939394,0.79,0.023939393939393937,0.7639999999999999,0.023939393939393937,0.7619999999999998
0.024444444444444442,0.7429999999999999,0.024444444444444442,0.7950000000000002,0.024444444444444442,0.781,0.024444444444444442,0.744,0.024444444444444446,0.79,0.024444444444444446,0.8,0.024444444444444442,0.7709999999999999,0.024444444444444442,0.7699999999999999
0.025050505050505052,0.7459999999999999,0.025050505050505052,0.796,0.025050505050505052,0.783,0.025050505050505052,0.748,0.025050505050505052,0.79,0.025050505050505052,0.8,0.025050505050505052,0.7719999999999999,0.025050505050505052,0.7699999999999999
0.025656565656565655,0.749,0.025656565656565655,0.797,0.025656565656565655,0.7849999999999999,0.025656565656565655,0.751,0.025656565656565655,0.81,0.025656565656565655,0.8,0.025656565656565655,0.7739999999999998,0.025656565656565655,0.7699999999999999
0.02626262626262626,0.7529999999999999,0.02626262626262626,0.799,0.02626262626262626,0.7879999999999999,0.02626262626262626,0.7569999999999999,0.026262626262626262,0.82,0.026262626262626262,0.8,0.02626262626262626,0.7820000000000003,0.02626262626262626,0.7800000000000001
0.026868686868686868,0.7550000000000001,0.026868686868686868,0.8,0.026868686868686868,0.7879999999999999,0.026868686868686868,0.76,0.026868686868686868,0.82,0.026868686868686868,0.81,0.026868686868686868,0.7850000000000001,0.026868686868686868,0.7810000000000001
0.027474747474747478,0.761,0.027474747474747478,0.8,0.027474747474747478,0.7920000000000001,0.027474747474747478,0.7670000000000001,0.027474747474747475,0.82,0.027474747474747475,0.83,0.027474747474747478,0.792,0.027474747474747478,0.79
0.028080808080808088,0.762,0.028080808080808088,0.8,0.028080808080808088,0.796,0.028080808080808088,0.773,0.02808080808080808,0.82,0.02808080808080808,0.84,0.028080808080808088,0.792,0.028080808080808088,0.791
0.02878787878787879,0.771,0.02878787878787879,0.8009999999999999,0.02878787878787879,0.799,0.02878787878787879,0.776,0.02878787878787879,0.82,0.02878787878787879,0.84,0.02878787878787879,0.793,0.02878787878787879,0.791
0.029494949494949498,0.772,0.029494949494949498,0.806,0.029494949494949498,0.8020000000000002,0.029494949494949498,0.7829999999999999,0.029494949494949494,0.83,0.029494949494949494,0.84,0.029494949494949498,0.795,0.029494949494949498,0.791
0.030101010101010094,0.775,0.030101010101010094,0.807,0.030101010101010094,0.805,0.030101010101010094,0.7829999999999999,0.0301010101010101,0.83,0.0301010101010101,0.85,0.030101010101010094,0.795,0.030101010101010094,0.791
0.030808080808080805,0.776,0.030808080808080805,0.808,0.030808080808080805,0.807,0.030808080808080805,0.788,0.03080808080808081,0.84,0.03080808080808081,0.85,0.030808080808080805,0.795,0.030808080808080805,0.791
0.03161616161616161,0.7769999999999999,0.03161616161616161,0.8109999999999999,0.03161616161616161,0.808,0.03161616161616161,0.79,0.03161616161616162,0.85,0.03161616161616162,0.85,0.03161616161616161,0.795,0.03161616161616161,0.791
0.032323232323232316,0.781,0.032323232323232316,0.8140000000000001,0.032323232323232316,0.8109999999999999,0.032323232323232316,0.7929999999999999,0.03232323232323232,0.85,0.03232323232323232,0.85,0.032323232323232316,0.795,0.032323232323232316,0.791
0.03303030303030303,0.785,0.03303030303030303,0.8160000000000001,0.03303030303030303,0.8130000000000001,0.03303030303030303,0.799,0.03303030303030303,0.85,0.03303030303030303,0.85,0.03303030303030303,0.795,0.03303030303030303,0.791
0.03383838383838384,0.7889999999999999,0.03383838383838384,0.817,0.03383838383838384,0.817,0.03383838383838384,0.8009999999999999,0.03383838383838384,0.86,0.03383838383838384,0.85,0.03383838383838384,0.796,0.03383838383838384,0.7929999999999999
0.03464646464646465,0.793,0.03464646464646465,0.819,0.03464646464646465,0.8230000000000001,0.03464646464646465,0.805,0.03464646464646465,0.86,0.03464646464646465,0.85,0.03464646464646465,0.796,0.03464646464646465,0.7929999999999999
0.035454545454545454,0.796,0.035454545454545454,0.8230000000000001,0.035454545454545454,0.825,0.035454545454545454,0.8089999999999999,0.035454545454545454,0.86,0.035454545454545454,0.85,0.035454545454545454,0.798,0.035454545454545454,0.794
0.03626262626262627,0.8,0.03626262626262627,0.8240000000000001,0.03626262626262627,0.826,0.03626262626262627,0.813,0.03626262626262626,0.86,0.03626262626262626,0.85,0.03626262626262627,0.798,0.03626262626262627,0.794
0.03717171717171718,0.8019999999999999,0.03717171717171718,0.827,0.03717171717171718,0.8300000000000001,0.03717171717171718,0.8190000000000002,0.037171717171717175,0.86,0.037171717171717175,0.86,0.03717171717171718,0.8,0.03717171717171718,0.795
0.03797979797979799,0.8019999999999999,0.03797979797979799,0.828,0.03797979797979799,0.8320000000000001,0.03797979797979799,0.8230000000000001,0.03797979797979798,0.86,0.03797979797979798,0.87,0.03797979797979799,0.8010000000000002,0.03797979797979799,0.7969999999999999
0.03888888888888888,0.807,0.03888888888888888,0.8329999999999999,0.03888888888888888,0.836,0.03888888888888888,0.825,0.03888888888888889,0.86,0.03888888888888889,0.88,0.03888888888888888,0.8019999999999999,0.03888888888888888,0.7969999999999999
0.03979797979797979,0.8089999999999999,0.03979797979797979,0.834,0.03979797979797979,0.8380000000000001,0.03979797979797979,0.8260000000000002,0.0397979797979798,0.86,0.0397979797979798,0.88,0.03979797979797979,0.8019999999999999,0.03979797979797979,0.7969999999999999
0.0407070707070707,0.8160000000000001,0.0407070707070707,0.834,0.0407070707070707,0.8440000000000001,0.0407070707070707,0.8300000000000001,0.040707070707070706,0.86,0.040707070707070706,0.88,0.0407070707070707,0.8030000000000002,0.0407070707070707,0.7969999999999999
0.041717171717171715,0.817,0.041717171717171715,0.836,0.041717171717171715,0.8460000000000001,0.041717171717171715,0.8400000000000001,0.041717171717171715,0.87,0.041717171717171715,0.88,0.041717171717171715,0.8109999999999999,0.041717171717171715,0.8049999999999999
0.042727272727272725,0.8190000000000002,0.042727272727272725,0.8379999999999999,0.042727272727272725,0.849,0.042727272727272725,0.841,0.042727272727272725,0.87,0.042727272727272725,0.88,0.042727272727272725,0.8119999999999999,0.042727272727272725,0.8049999999999999
0.043737373737373735,0.8220000000000001,0.043737373737373735,0.8399999999999999,0.043737373737373735,0.85,0.043737373737373735,0.843,0.043737373737373735,0.87,0.043737373737373735,0.88,0.043737373737373735,0.813,0.043737373737373735,0.8049999999999999
0.04474747474747475,0.825,0.04474747474747475,0.8399999999999999,0.04474747474747475,0.851,0.04474747474747475,0.844,0.044747474747474744,0.87,0.044747474747474744,0.88,0.04474747474747475,0.8139999999999998,0.04474747474747475,0.8049999999999999
0.04575757575757577,0.8300000000000001,0.04575757575757577,0.843,0.04575757575757577,0.852,0.04575757575757577,0.8459999999999999,0.04575757575757576,0.88,0.04575757575757576,0.88,0.04575757575757577,0.817,0.04575757575757577,0.8049999999999999
0.04686868686868688,0.833,0.04686868686868688,0.843,0.04686868686868688,0.8549999999999999,0.04686868686868688,0.8469999999999999,0.04686868686868687,0.88,0.04686868686868687,0.88,0.04686868686868688,0.817,0.04686868686868688,0.8049999999999999
0.04797979797979797,0.8390000000000001,0.04797979797979797,0.844,0.04797979797979797,0.858,0.04797979797979797,0.849,0.047979797979797977,0.88,0.047979797979797977,0.88,0.04797979797979797,0.818,0.04797979797979797,0.8049999999999999
0.04909090909090908,0.843,0.04909090909090908,0.8459999999999999,0.04909090909090908,0.861,0.04909090909090908,0.8550000000000001,0.04909090909090909,0.89,0.04909090909090909,0.88,0.04909090909090908,0.818,0.04909090909090908,0.8049999999999999
0.049999999999999996,0.843,0.049999999999999996,0.851,0.049999999999999996,0.8619999999999999,0.049999999999999996,0.8560000000000001,0.05,0.89,0.05,0.88,0.049999999999999996,0.818,0.049999999999999996,0.8049999999999999
0.050202020202020206,0.843,0.050202020202020206,0.851,0.050202020202020206,0.8619999999999999,0.050202020202020206,0.8560000000000001,0.0502020202020202,0.89,0.0502020202020202,0.88,0.050202020202020206,0.818,0.050202020202020206,0.8049999999999999
0.05141414141414141,0.845,0.05141414141414141,0.853,0.05141414141414141,0.866,0.05141414141414141,0.859,0.05141414141414141,0.89,0.05141414141414141,0.89,0.05141414141414141,0.818,0.05141414141414141,0.8049999999999999
0.05262626262626262,0.8479999999999999,0.05262626262626262,0.8549999999999999,0.05262626262626262,0.867,0.05262626262626262,0.86,0.052626262626262625,0.89,0.052626262626262625,0.89,0.05262626262626262,0.818,0.05262626262626262,0.8049999999999999
0.05383838383838384,0.852,0.05383838383838384,0.8559999999999999,0.05383838383838384,0.867,0.05383838383838384,0.8610000000000001,0.05383838383838384,0.89,0.05383838383838384,0.89,0.05383838383838384,0.818,0.05383838383838384,0.8049999999999999
0.05515151515151516,0.8559999999999999,0.05515151515151516,0.858,0.05515151515151516,0.869,0.05515151515151516,0.8670000000000002,0.05515151515151515,0.89,0.05515151515151515,0.89,0.05515151515151516,0.818,0.05515151515151516,0.8059999999999998
0.05636363636363638,0.857,0.05636363636363638,0.861,0.05636363636363638,0.8719999999999999,0.05636363636363638,0.8720000000000001,0.056363636363636366,0.89,0.056363636363636366,0.89,0.05636363636363638,0.8250000000000002,0.05636363636363638,0.8140000000000003
0.05767676767676767,0.86,0.05767676767676767,0.8619999999999999,0.05767676767676767,0.874,0.05767676767676767,0.873,0.05767676767676767,0.89,0.05767676767676767,0.89,0.05767676767676767,0.8250000000000002,0.05767676767676767,0.8140000000000003
0.0590909090909091,0.8640000000000001,0.0590909090909091,0.8629999999999999,0.0590909090909091,0.874,0.0590909090909091,0.874,0.05909090909090909,0.9,0.05909090909090909,0.89,0.0590909090909091,0.8250000000000002,0.0590909090909091,0.8140000000000003
0.060505050505050506,0.8680000000000001,0.060505050505050506,0.868,0.060505050505050506,0.8760000000000001,0.060505050505050506,0.876,0.060505050505050506,0.9,0.060505050505050506,0.89,0.060505050505050506,0.8250000000000002,0.060505050505050506,0.8150000000000002
0.061919191919191915,0.8720000000000001,0.061919191919191915,0.869,0.061919191919191915,0.8790000000000001,0.061919191919191915,0.8779999999999999,0.06191919191919192,0.9,0.06191919191919192,0.89,0.061919191919191915,0.8260000000000002,0.061919191919191915,0.8150000000000002
0.06333333333333334,0.874,0.06333333333333334,0.873,0.06333333333333334,0.881,0.06333333333333334,0.8799999999999999,0.06333333333333334,0.9,0.06333333333333334,0.89,0.06333333333333334,0.8270000000000003,0.06333333333333334,0.8170000000000002
0.06484848484848484,0.8780000000000001,0.06484848484848484,0.874,0.06484848484848484,0.882,0.06484848484848484,0.882,0.06484848484848485,0.9,0.06484848484848485,0.89,0.06484848484848484,0.8340000000000002,0.06484848484848484,0.8260000000000002
0.06636363636363637,0.8790000000000001,0.06636363636363637,0.875,0.06636363636363637,0.884,0.06636363636363637,0.884,0.06636363636363636,0.9,0.06636363636363636,0.89,0.06636363636363637,0.8350000000000002,0.06636363636363637,0.8260000000000002
0.06787878787878789,0.881,0.06787878787878789,0.876,0.06787878787878789,0.8859999999999999,0.06787878787878789,0.89,0.06787878787878789,0.91,0.06787878787878789,0.89,0.06787878787878789,0.8370000000000001,0.06787878787878789,0.8260000000000002
0.0694949494949495,0.8869999999999999,0.0694949494949495,0.8779999999999999,0.0694949494949495,0.8859999999999999,0.0694949494949495,0.8949999999999999,0.0694949494949495,0.91,0.0694949494949495,0.9,0.0694949494949495,0.8370000000000001,0.0694949494949495,0.8260000000000002
0.07111111111111111,0.891,0.07111111111111111,0.8800000000000001,0.07111111111111111,0.8869999999999999,0.07111111111111111,0.8990000000000002,0.07111111111111111,0.91,0.07111111111111111,0.9,0.07111111111111111,0.844,0.07111111111111111,0.834
0.07282828282828281,0.8960000000000001,0.07282828282828281,0.881,0.07282828282828281,0.89,0.07282828282828281,0.9020000000000001,0.07282828282828283,0.91,0.07282828282828283,0.9,0.07282828282828281,0.845,0.07282828282828281,0.835
0.07454545454545455,0.899,0.07454545454545455,0.884,0.07454545454545455,0.892,0.07454545454545455,0.9030000000000001,0.07454545454545454,0.91,0.07454545454545454,0.9,0.07454545454545455,0.845,0.07454545454545455,0.8379999999999999
0.07626262626262627,0.906,0.07626262626262627,0.885,0.07626262626262627,0.893,0.07626262626262627,0.906,0.07626262626262627,0.91,0.07626262626262627,0.9,0.07626262626262627,0.8459999999999999,0.07626262626262627,0.8379999999999999
0.07808080808080808,0.907,0.07808080808080808,0.8859999999999999,0.07808080808080808,0.8949999999999999,0.07808080808080808,0.9070000000000003,0.07808080808080808,0.91,0.07808080808080808,0.9,0.07808080808080808,0.8480000000000001,0.07808080808080808,0.8390000000000001
0.0798989898989899,0.907,0.0798989898989899,0.8869999999999999,0.0798989898989899,0.8960000000000001,0.0798989898989899,0.9100000000000001,0.0798989898989899,0.91,0.0798989898989899,0.9,0.0798989898989899,0.8480000000000001,0.0798989898989899,0.8390000000000001
0.08171717171717173,0.9099999999999999,0.08171717171717173,0.8869999999999999,0.08171717171717173,0.8960000000000001,0.08171717171717173,0.913,0.08171717171717172,0.91,0.08171717171717172,0.9,0.08171717171717173,0.8480000000000001,0.08171717171717173,0.8390000000000001
0.08363636363636363,0.9139999999999999,0.08363636363636363,0.8889999999999999,0.08363636363636363,0.8970000000000002,0.08363636363636363,0.914,0.08363636363636363,0.91,0.08363636363636363,0.93,0.08363636363636363,0.85,0.08363636363636363,0.8390000000000001
0.08565656565656565,0.9179999999999999,0.08565656565656565,0.891,0.08565656565656565,0.9000000000000001,0.08565656565656565,0.9170000000000001,0.08565656565656565,0.92,0.08565656565656565,0.93,0.08565656565656565,0.85,0.08565656565656565,0.8400000000000001
0.08767676767676767,0.921,0.08767676767676767,0.8940000000000001,0.08767676767676767,0.9020000000000001,0.08767676767676767,0.9190000000000002,0.08767676767676767,0.92,0.08767676767676767,0.93,0.08767676767676767,0.859,0.08767676767676767,0.8480000000000001
0.0896969696969697,0.922,0.0896969696969697,0.8960000000000001,0.0896969696969697,0.9040000000000001,0.0896969696969697,0.921,0.08969696969696969,0.93,0.08969696969696969,0.93,0.0896969696969697,0.8659999999999999,0.0896969696969697,0.8559999999999999
0.09181818181818181,0.9269999999999999,0.09181818181818181,0.897,0.09181818181818181,0.906,0.09181818181818181,0.925,0.09181818181818181,0.93,0.09181818181818181,0.93,0.09181818181818181,0.8659999999999999,0.09181818181818181,0.8559999999999999
0.09393939393939395,0.93,0.09393939393939395,0.9,0.09393939393939395,0.906,0.09393939393939395,0.9289999999999999,0.09393939393939393,0.94,0.09393939393939393,0.94,0.09393939393939395,0.8659999999999999,0.09393939393939395,0.8559999999999999
0.09616161616161614,0.931,0.09616161616161614,0.9019999999999999,0.09616161616161614,0.907,0.09616161616161614,0.9299999999999999,0.09616161616161616,0.95,0.09616161616161616,0.95,0.09616161616161614,0.8659999999999999,0.09616161616161614,0.8569999999999999
0.09838383838383837,0.9339999999999999,0.09838383838383837,0.9030000000000001,0.09838383838383837,0.9109999999999999,0.09838383838383837,0.932,0.09838383838383838,0.95,0.09838383838383838,0.95,0.09838383838383837,0.869,0.09838383838383837,0.8569999999999999
0.10070707070707072,0.9369999999999999,0.10070707070707072,0.9040000000000001,0.10070707070707072,0.9119999999999999,0.10070707070707072,0.933,0.1007070707070707,0.95,0.1007070707070707,0.95,0.10070707070707072,0.869,0.10070707070707072,0.8569999999999999
0.10313131313131316,0.938,0.10313131313131316,0.9099999999999999,0.10313131313131316,0.914,0.10313131313131316,0.9349999999999999,0.10313131313131313,0.95,0.10313131313131313,0.95,0.10313131313131316,0.869,0.10313131313131316,0.8569999999999999
0.10555555555555554,0.943,0.10555555555555554,0.9099999999999999,0.10555555555555554,0.917,0.10555555555555554,0.9359999999999999,0.10555555555555556,0.95,0.10555555555555556,0.95,0.10555555555555554,0.8770000000000001,0.10555555555555554,0.865
0.10797979797979798,0.943,0.10797979797979798,0.9099999999999999,0.10797979797979798,0.917,0.10797979797979798,0.938,0.10797979797979798,0.95,0.10797979797979798,0.95,0.10797979797979798,0.8780000000000001,0.10797979797979798,0.865
0.11050505050505052,0.944,0.11050505050505052,0.9109999999999999,0.11050505050505052,0.9199999999999999,0.11050505050505052,0.938,0.11050505050505051,0.95,0.11050505050505051,0.95,0.11050505050505052,0.8800000000000001,0.11050505050505052,0.865
0.11313131313131317,0.9490000000000001,0.11313131313131317,0.9119999999999999,0.11313131313131317,0.9229999999999998,0.11313131313131317,0.9399999999999998,0.11313131313131314,0.95,0.11313131313131314,0.95,0.11313131313131317,0.8800000000000001,0.11313131313131317,0.8680000000000001
0.11575757575757575,0.95,0.11575757575757575,0.915,0.11575757575757575,0.9229999999999998,0.11575757575757575,0.9419999999999998,0.11575757575757575,0.95,0.11575757575757575,0.95,0.11575757575757575,0.882,0.11575757575757575,0.8680000000000001
0.11848484848484848,0.952,0.11848484848484848,0.9180000000000001,0.11848484848484848,0.9279999999999999,0.11848484848484848,0.9429999999999998,0.11848484848484848,0.95,0.11848484848484848,0.95,0.11848484848484848,0.8830000000000002,0.11848484848484848,0.8680000000000001
0.12121212121212119,0.9530000000000001,0.12121212121212119,0.9180000000000001,0.12121212121212119,0.9299999999999999,0.12121212121212119,0.9449999999999997,0.12121212121212122,0.95,0.12121212121212122,0.95,0.12121212121212119,0.8830000000000002,0.12121212121212119,0.8680000000000001
0.12414141414141414,0.954,0.12414141414141414,0.9200000000000002,0.12414141414141414,0.931,0.12414141414141414,0.9479999999999997,0.12414141414141414,0.95,0.12414141414141414,0.95,0.12414141414141414,0.8899999999999999,0.12414141414141414,0.877
0.12696969696969698,0.954,0.12696969696969698,0.9200000000000002,0.12696969696969698,0.9339999999999999,0.12696969696969698,0.9479999999999997,0.12696969696969698,0.95,0.12696969696969698,0.95,0.12696969696969698,0.898,0.12696969696969698,0.885
0.12999999999999998,0.9550000000000001,0.12999999999999998,0.9200000000000002,0.12999999999999998,0.9349999999999999,0.12999999999999998,0.9499999999999998,0.13,0.95,0.13,0.95,0.12999999999999998,0.907,0.12999999999999998,0.893
0.13303030303030303,0.9559999999999998,0.13303030303030303,0.922,0.13303030303030303,0.9359999999999999,0.13303030303030303,0.9519999999999997,0.13303030303030303,0.95,0.13303030303030303,0.95,0.13303030303030303,0.907,0.13303030303030303,0.8939999999999999
0.13616161616161615,0.9559999999999998,0.13616161616161615,0.923,0.13616161616161615,0.943,0.13616161616161615,0.9539999999999997,0.13616161616161615,0.95,0.13616161616161615,0.95,0.13616161616161615,0.907,0.13616161616161615,0.8949999999999999
0.1393939393939394,0.9570000000000001,0.1393939393939394,0.9260000000000002,0.1393939393939394,0.944,0.1393939393939394,0.9559999999999998,0.1393939393939394,0.95,0.1393939393939394,0.95,0.1393939393939394,0.908,0.1393939393939394,0.8949999999999999
0.14262626262626263,0.9580000000000002,0.14262626262626263,0.9280000000000002,0.14262626262626263,0.946,0.14262626262626263,0.9589999999999999,0.14262626262626263,0.95,0.14262626262626263,0.95,0.14262626262626263,0.909,0.14262626262626263,0.8949999999999999
0.14595959595959593,0.9580000000000002,0.14595959595959593,0.929,0.14595959595959593,0.9469999999999998,0.14595959595959593,0.9599999999999997,0.14595959595959596,0.95,0.14595959595959596,0.95,0.14595959595959593,0.909,0.14595959595959593,0.8949999999999999
0.14939393939393938,0.959,0.14939393939393938,0.933,0.14939393939393938,0.9480000000000001,0.14939393939393938,0.9599999999999997,0.14939393939393938,0.95,0.14939393939393938,0.95,0.14939393939393938,0.909,0.14939393939393938,0.8949999999999999
0.15292929292929294,0.959,0.15292929292929294,0.9359999999999999,0.15292929292929294,0.95,0.15292929292929294,0.961,0.15292929292929294,0.95,0.15292929292929294,0.95,0.15292929292929294,0.9099999999999999,0.15292929292929294,0.8949999999999999
0.15646464646464645,0.959,0.15646464646464645,0.938,0.15646464646464645,0.95,0.15646464646464645,0.961,0.15646464646464647,0.95,0.15646464646464647,0.95,0.15646464646464645,0.9099999999999999,0.15646464646464645,0.8949999999999999
0.1602020202020202,0.9600000000000002,0.1602020202020202,0.938,0.1602020202020202,0.9510000000000002,0.1602020202020202,0.9620000000000001,0.1602020202020202,0.95,0.1602020202020202,0.95,0.1602020202020202,0.9109999999999999,0.1602020202020202,0.8959999999999999
0.16393939393939397,0.9600000000000002,0.16393939393939397,0.9399999999999998,0.16393939393939397,0.9510000000000002,0.16393939393939397,0.9640000000000001,0.16393939393939394,0.95,0.16393939393939394,0.95,0.16393939393939397,0.9180000000000001,0.16393939393939397,0.9040000000000001
0.16777777777777778,0.9600000000000002,0.16777777777777778,0.9429999999999998,0.16777777777777778,0.952,0.16777777777777778,0.966,0.16777777777777778,0.95,0.16777777777777778,0.95,0.16777777777777778,0.9180000000000001,0.16777777777777778,0.9040000000000001
0.1717171717171717,0.961,0.1717171717171717,0.945,0.1717171717171717,0.9530000000000001,0.1717171717171717,0.966,0.1717171717171717,0.95,0.1717171717171717,0.95,0.1717171717171717,0.9180000000000001,0.1717171717171717,0.9040000000000001
0.17575757575757575,0.9620000000000001,0.17575757575757575,0.9459999999999997,0.17575757575757575,0.9530000000000001,0.17575757575757575,0.966,0.17575757575757575,0.95,0.17575757575757575,0.95,0.17575757575757575,0.9180000000000001,0.17575757575757575,0.9040000000000001
0.17989898989898992,0.9620000000000001,0.17989898989898992,0.9479999999999998,0.17989898989898992,0.9550000000000001,0.17989898989898992,0.967,0.1798989898989899,0.95,0.1798989898989899,0.95,0.17989898989898992,0.932,0.17989898989898992,0.9199999999999999
0.18404040404040403,0.9640000000000001,0.18404040404040403,0.95,0.18404040404040403,0.9570000000000001,0.18404040404040403,0.968,0.18404040404040403,0.95,0.18404040404040403,0.95,0.18404040404040403,0.932,0.18404040404040403,0.9199999999999999
0.18838383838383835,0.9640000000000001,0.18838383838383835,0.952,0.18838383838383835,0.958,0.18838383838383835,0.969,0.18838383838383838,0.95,0.18838383838383838,0.95,0.18838383838383835,0.9389999999999998,0.18838383838383835,0.9289999999999999
0.19282828282828282,0.966,0.19282828282828282,0.954,0.19282828282828282,0.959,0.19282828282828282,0.969,0.19282828282828282,0.95,0.19282828282828282,0.95,0.19282828282828282,0.9389999999999998,0.19282828282828282,0.9309999999999998
0.1973737373737374,0.9669999999999999,0.1973737373737374,0.9570000000000001,0.1973737373737374,0.9639999999999999,0.1973737373737374,0.97,0.19737373737373737,0.95,0.19737373737373737,0.95,0.1973737373737374,0.9389999999999998,0.1973737373737374,0.9309999999999998
0.2019191919191919,0.9689999999999998,0.2019191919191919,0.958,0.2019191919191919,0.9650000000000001,0.2019191919191919,0.9720000000000001,0.20191919191919191,0.95,0.20191919191919191,0.95,0.2019191919191919,0.9389999999999998,0.2019191919191919,0.9309999999999998
0.2066666666666666,0.97,0.2066666666666666,0.959,0.2066666666666666,0.9680000000000002,0.2066666666666666,0.9730000000000001,0.20666666666666667,0.95,0.20666666666666667,0.95,0.2066666666666666,0.9389999999999998,0.2066666666666666,0.9309999999999998
0.2115151515151515,0.97,0.2115151515151515,0.959,0.2115151515151515,0.9690000000000001,0.2115151515151515,0.974,0.21151515151515152,0.95,0.21151515151515152,0.96,0.2115151515151515,0.9389999999999998,0.2115151515151515,0.9309999999999998
0.21646464646464647,0.9709999999999999,0.21646464646464647,0.96,0.21646464646464647,0.9690000000000001,0.21646464646464647,0.976,0.21646464646464647,0.95,0.21646464646464647,0.96,0.21646464646464647,0.9389999999999998,0.21646464646464647,0.9319999999999998
0.22161616161616166,0.9729999999999999,0.22161616161616166,0.9629999999999999,0.22161616161616166,0.9710000000000001,0.22161616161616166,0.9770000000000001,0.22161616161616163,0.96,0.22161616161616163,0.96,0.22161616161616166,0.9389999999999998,0.22161616161616166,0.9319999999999998
0.22676767676767678,0.975,0.22676767676767678,0.9639999999999999,0.22676767676767678,0.9730000000000002,0.22676767676767678,0.9790000000000001,0.22676767676767676,0.97,0.22676767676767676,0.96,0.22676767676767678,0.9389999999999998,0.22676767676767678,0.9329999999999998
0.23212121212121212,0.977,0.23212121212121212,0.9669999999999999,0.23212121212121212,0.9730000000000002,0.23212121212121212,0.9800000000000001,0.23212121212121212,0.97,0.23212121212121212,0.96,0.23212121212121212,0.9389999999999998,0.23212121212121212,0.9329999999999998
0.2375757575757576,0.9789999999999999,0.2375757575757576,0.9679999999999997,0.2375757575757576,0.9740000000000002,0.2375757575757576,0.9800000000000001,0.23757575757575758,0.97,0.23757575757575758,0.97,0.2375757575757576,0.9469999999999997,0.2375757575757576,0.9409999999999998
0.24313131313131314,0.9799999999999999,0.24313131313131314,0.969,0.24313131313131314,0.9740000000000002,0.24313131313131314,0.9810000000000001,0.24313131313131314,0.97,0.24313131313131314,0.97,0.24313131313131314,0.9479999999999997,0.24313131313131314,0.9409999999999998
0.24878787878787884,0.9820000000000002,0.24878787878787884,0.969,0.24878787878787884,0.9750000000000002,0.24878787878787884,0.9810000000000001,0.24878787878787878,0.97,0.24878787878787878,0.97,0.24878787878787884,0.9549999999999998,0.24878787878787884,0.9490000000000001
0.2546464646464646,0.9820000000000002,0.2546464646464646,0.969,0.2546464646464646,0.9760000000000002,0.2546464646464646,0.984,0.2546464646464646,0.98,0.2546464646464646,0.97,0.2546464646464646,0.9549999999999998,0.2546464646464646,0.9490000000000001
0.2606060606060607,0.9850000000000001,0.2606060606060607,0.9700000000000001,0.2606060606060607,0.9780000000000003,0.2606060606060607,0.985,0.2606060606060606,0.98,0.2606060606060606,0.97,0.2606060606060607,0.9620000000000001,0.2606060606060607,0.9570000000000001
0.26676767676767676,0.9850000000000001,0.26676767676767676,0.9710000000000001,0.26676767676767676,0.9790000000000003,0.26676767676767676,0.9870000000000001,0.26676767676767676,0.98,0.26676767676767676,0.97,0.26676767676767676,0.9620000000000001,0.26676767676767676,0.9600000000000002
0.273030303030303,0.9860000000000001,0.273030303030303,0.9720000000000001,0.273030303030303,0.9800000000000002,0.273030303030303,0.9870000000000001,0.273030303030303,0.98,0.273030303030303,0.98,0.273030303030303,0.9620000000000001,0.273030303030303,0.9600000000000002
0.27939393939393936,0.9870000000000001,0.27939393939393936,0.974,0.27939393939393936,0.9820000000000002,0.27939393939393936,0.9870000000000001,0.2793939393939394,0.98,0.2793939393939394,0.98,0.27939393939393936,0.9620000000000001,0.27939393939393936,0.961
0.28595959595959597,0.9890000000000001,0.28595959595959597,0.974,0.28595959595959597,0.9830000000000002,0.28595959595959597,0.9880000000000001,0.28595959595959597,0.99,0.28595959595959597,0.98,0.28595959595959597,0.969,0.28595959595959597,0.9709999999999999
0.2926262626262627,0.9890000000000001,0.2926262626262627,0.9760000000000002,0.2926262626262627,0.9830000000000002,0.2926262626262627,0.9890000000000001,0.2926262626262626,0.99,0.2926262626262626,0.98,0.2926262626262627,0.97,0.2926262626262627,0.9709999999999999
0.2994949494949495,0.9890000000000001,0.2994949494949495,0.977,0.2994949494949495,0.9840000000000002,0.2994949494949495,0.9890000000000001,0.2994949494949495,0.99,0.2994949494949495,0.99,0.2994949494949495,0.97,0.2994949494949495,0.9709999999999999
0.30656565656565654,0.9890000000000001,0.30656565656565654,0.977,0.30656565656565654,0.9860000000000001,0.30656565656565654,0.99,0.30656565656565654,0.99,0.30656565656565654,0.99,0.30656565656565654,0.9709999999999999,0.30656565656565654,0.9709999999999999
0.3137373737373737,0.9890000000000001,0.3137373737373737,0.977,0.3137373737373737,0.9870000000000001,0.3137373737373737,0.99,0.31373737373737376,0.99,0.31373737373737376,0.99,0.3137373737373737,0.9709999999999999,0.3137373737373737,0.9709999999999999
0.3211111111111111,0.99,0.3211111111111111,0.9800000000000001,0.3211111111111111,0.9890000000000001,0.3211111111111111,0.991,0.3211111111111111,0.99,0.3211111111111111,1.0,0.3211111111111111,0.9709999999999999,0.3211111111111111,0.9719999999999999
0.32858585858585865,0.991,0.32858585858585865,0.9810000000000001,0.32858585858585865,0.9890000000000001,0.32858585858585865,0.992,0.3285858585858586,0.99,0.3285858585858586,1.0,0.32858585858585865,0.9709999999999999,0.32858585858585865,0.9719999999999999
0.33636363636363636,0.992,0.33636363636363636,0.982,0.33636363636363636,0.9890000000000001,0.33636363636363636,0.993,0.33636363636363636,1.0,0.33636363636363636,1.0,0.33636363636363636,0.9709999999999999,0.33636363636363636,0.9719999999999999
0.34424242424242424,0.9940000000000001,0.34424242424242424,0.9840000000000002,0.34424242424242424,0.9890000000000001,0.34424242424242424,0.993,0.34424242424242424,1.0,0.34424242424242424,1.0,0.34424242424242424,0.9860000000000001,0.34424242424242424,0.9880000000000001
0.3523232323232323,0.9940000000000001,0.3523232323232323,0.9850000000000001,0.3523232323232323,0.9890000000000001,0.3523232323232323,0.993,0.3523232323232323,1.0,0.3523232323232323,1.0,0.3523232323232323,0.9880000000000001,0.3523232323232323,0.9880000000000001
0.36060606060606054,0.9950000000000001,0.36060606060606054,0.9860000000000001,0.36060606060606054,0.9890000000000001,0.36060606060606054,0.993,0.3606060606060606,1.0,0.3606060606060606,1.0,0.36060606060606054,0.9890000000000001,0.36060606060606054,0.9890000000000001
0.368989898989899,0.9950000000000001,0.368989898989899,0.9870000000000001,0.368989898989899,0.9890000000000001,0.368989898989899,0.9940000000000001,0.368989898989899,1.0,0.368989898989899,1.0,0.368989898989899,0.9890000000000001,0.368989898989899,0.9890000000000001
0.37767676767676767,0.9950000000000001,0.37767676767676767,0.9880000000000001,0.37767676767676767,0.9890000000000001,0.37767676767676767,0.9940000000000001,0.37767676767676767,1.0,0.37767676767676767,1.0,0.37767676767676767,0.9890000000000001,0.37767676767676767,0.9890000000000001
0.38656565656565656,0.9950000000000001,0.38656565656565656,0.9890000000000001,0.38656565656565656,0.9890000000000001,0.38656565656565656,0.9950000000000001,0.38656565656565656,1.0,0.38656565656565656,1.0,0.38656565656565656,0.9890000000000001,0.38656565656565656,0.9890000000000001
0.3955555555555556,0.9960000000000001,0.3955555555555556,0.99,0.3955555555555556,0.9890000000000001,0.3955555555555556,0.9950000000000001,0.39555555555555555,1.0,0.39555555555555555,1.0,0.3955555555555556,0.9890000000000001,0.3955555555555556,0.9890000000000001
0.4048484848484849,0.9970000000000001,0.4048484848484849,0.99,0.4048484848484849,0.9890000000000001,0.4048484848484849,0.9950000000000001,0.40484848484848485,1.0,0.40484848484848485,1.0,0.4048484848484849,0.9890000000000001,0.4048484848484849,0.9890000000000001
0.41434343434343435,0.9970000000000001,0.41434343434343435,0.991,0.41434343434343435,0.99,0.41434343434343435,0.9950000000000001,0.41434343434343435,1.0,0.41434343434343435,1.0,0.41434343434343435,0.9890000000000001,0.41434343434343435,0.9890000000000001
0.42414141414141415,0.9970000000000001,0.42414141414141415,0.992,0.42414141414141415,0.991,0.42414141414141415,0.9950000000000001,0.42414141414141415,1.0,0.42414141414141415,1.0,0.42414141414141415,0.9890000000000001,0.42414141414141415,0.9890000000000001
0.4340404040404041,0.999,0.4340404040404041,0.992,0.4340404040404041,0.991,0.4340404040404041,0.9960000000000001,0.43404040404040406,1.0,0.43404040404040406,1.0,0.4340404040404041,0.9890000000000001,0.4340404040404041,0.9890000000000001
0.4442424242424242,0.999,0.4442424242424242,0.994,0.4442424242424242,0.992,0.4442424242424242,0.9960000000000001,0.4442424242424242,1.0,0.4442424242424242,1.0,0.4442424242424242,0.9890000000000001,0.4442424242424242,0.99
0.45464646464646463,0.999,0.45464646464646463,0.994,0.45464646464646463,0.993,0.45464646464646463,0.9960000000000001,0.45464646464646463,1.0,0.45464646464646463,1.0,0.45464646464646463,0.9890000000000001,0.45464646464646463,0.99
0.4653535353535353,1.0,0.4653535353535353,0.994,0.4653535353535353,0.993,0.4653535353535353,0.9960000000000001,0.46535353535353535,1.0,0.46535353535353535,1.0,0.4653535353535353,0.99,0.4653535353535353,0.99
0.4762626262626263,1.0,0.4762626262626263,0.994,0.4762626262626263,0.993,0.4762626262626263,0.9970000000000001,0.4762626262626263,1.0,0.4762626262626263,1.0,0.4762626262626263,0.99,0.4762626262626263,0.99
0.48737373737373735,1.0,0.48737373737373735,0.9950000000000001,0.48737373737373735,0.9940000000000001,0.48737373737373735,0.9970000000000001,0.48737373737373735,1.0,0.48737373737373735,1.0,0.48737373737373735,0.99,0.48737373737373735,0.99
0.4987878787878789,1.0,0.4987878787878789,0.9950000000000001,0.4987878787878789,0.9940000000000001,0.4987878787878789,0.9970000000000001,0.4987878787878788,1.0,0.4987878787878788,1.0,0.4987878787878789,0.99,0.4987878787878789,0.99
0.5105050505050504,1.0,0.5105050505050504,0.9950000000000001,0.5105050505050504,0.9950000000000001,0.5105050505050504,0.998,0.5105050505050505,1.0,0.5105050505050505,1.0,0.5105050505050504,0.99,0.5105050505050504,0.99
0.5225252525252524,1.0,0.5225252525252524,0.9950000000000001,0.5225252525252524,0.9960000000000001,0.5225252525252524,0.998,0.5225252525252525,1.0,0.5225252525252525,1.0,0.5225252525252524,0.99,0.5225252525252524,0.99
0.5347474747474746,1.0,0.5347474747474746,0.9950000000000001,0.5347474747474746,0.999,0.5347474747474746,0.999,0.5347474747474747,1.0,0.5347474747474747,1.0,0.5347474747474746,0.99,0.5347474747474746,0.99
0.5472727272727271,1.0,0.5472727272727271,0.9960000000000001,0.5472727272727271,0.999,0.5472727272727271,0.999,0.5472727272727272,1.0,0.5472727272727272,1.0,0.5472727272727271,0.99,0.5472727272727271,0.99
0.5601010101010101,1.0,0.5601010101010101,0.9970000000000001,0.5601010101010101,0.999,0.5601010101010101,0.999,0.5601010101010101,1.0,0.5601010101010101,1.0,0.5601010101010101,0.99,0.5601010101010101,0.99
0.5732323232323233,1.0,0.5732323232323233,0.998,0.5732323232323233,0.999,0.5732323232323233,0.999,0.5732323232323232,1.0,0.5732323232323232,1.0,0.5732323232323233,0.99,0.5732323232323233,0.99
0.5866666666666668,1.0,0.5866666666666668,0.998,0.5866666666666668,0.999,0.5866666666666668,0.999,0.5866666666666667,1.0,0.5866666666666667,1.0,0.5866666666666668,0.99,0.5866666666666668,0.99
0.6005050505050507,1.0,0.6005050505050507,0.999,0.6005050505050507,0.999,0.6005050505050507,0.999,0.6005050505050505,1.0,0.6005050505050505,1.0,0.6005050505050507,0.99,0.6005050505050507,0.99
0.6145454545454544,1.0,0.6145454545454544,0.999,0.6145454545454544,0.999,0.6145454545454544,0.999,0.6145454545454545,1.0,0.6145454545454545,1.0,0.6145454545454544,0.99,0.6145454545454544,0.99
0.6289898989898991,1.0,0.6289898989898991,0.999,0.6289898989898991,1.0,0.6289898989898991,0.999,0.628989898989899,1.0,0.628989898989899,1.0,0.6289898989898991,0.991,0.6289898989898991,0.99
0.6437373737373736,1.0,0.6437373737373736,1.0,0.6437373737373736,1.0,0.6437373737373736,0.999,0.6437373737373737,1.0,0.6437373737373737,1.0,0.6437373737373736,0.991,0.6437373737373736,0.99
0.6587878787878789,1.0,0.6587878787878789,1.0,0.6587878787878789,1.0,0.6587878787878789,0.999,0.6587878787878788,1.0,0.6587878787878788,1.0,0.6587878787878789,0.991,0.6587878787878789,0.99
0.6742424242424241,1.0,0.6742424242424241,1.0,0.6742424242424241,1.0,0.6742424242424241,0.999,0.6742424242424242,1.0,0.6742424242424242,1.0,0.6742424242424241,0.9920000000000002,0.6742424242424241,0.99
0.6901010101010101,1.0,0.6901010101010101,1.0,0.6901010101010101,1.0,0.6901010101010101,0.999,0.6901010101010101,1.0,0.6901010101010101,1.0,0.6901010101010101,0.9920000000000002,0.6901010101010101,0.991
0.7062626262626263,1.0,0.7062626262626263,1.0,0.7062626262626263,1.0,0.7062626262626263,0.999,0.7062626262626263,1.0,0.7062626262626263,1.0,0.7062626262626263,0.9920000000000002,0.7062626262626263,0.991
0.7228282828282829,1.0,0.7228282828282829,1.0,0.7228181818181818,1.0,0.7228282828282829,0.999,0.7228282828282828,1.0,0.7228282828282828,1.0,0.7228282828282829,0.9920000000000002,0.7228282828282829,0.991
0.7397979797979798,1.0,0.7397979797979798,1.0,0.7397979797979798,1.0,0.7397979797979798,0.999,0.7397979797979798,1.0,0.7397979797979798,1.0,0.7397979797979798,0.9920000000000002,0.7397979797979798,0.991
0.7571717171717172,1.0,0.7571717171717172,1.0,0.7571717171717172,1.0,0.7571717171717172,0.999,0.7571717171717172,1.0,0.7571717171717172,1.0,0.7571717171717172,0.9920000000000002,0.7571717171717172,0.991
0.774848484848485,1.0,0.774848484848485,1.0,0.774848484848485,1.0,0.774848484848485,0.999,0.7748484848484849,1.0,0.7748484848484849,1.0,0.774848484848485,0.9920000000000002,0.774848484848485,0.991
0.7930303030303031,1.0,0.7930303030303031,1.0,0.7930303030303031,1.0,0.7930303030303031,0.999,0.7930303030303031,1.0,0.7930303030303031,1.0,0.7930303030303031,0.9920000000000002,0.7930303030303031,0.991
0.8116161616161615,1.0,0.8116161616161615,1.0,0.8116161616161615,1.0,0.8116161616161615,1.0,0.8116161616161616,1.0,0.8116161616161616,1.0,0.8116161616161615,0.9920000000000002,0.8116161616161615,0.991
0.8307070707070707,1.0,0.8307070707070707,1.0,0.8307070707070707,1.0,0.8307070707070707,1.0,0.8307070707070707,1.0,0.8307070707070707,1.0,0.8307070707070707,0.9930000000000001,0.8307070707070707,0.991
0.8502020202020202,1.0,0.8502020202020202,1.0,0.8502020202020202,1.0,0.8502020202020202,1.0,0.8502020202020202,1.0,0.8502020202020202,1.0,0.8502020202020202,0.9930000000000001,0.8502020202020202,0.991
0.87010101010101,1.0,0.87010101010101,1.0,0.87010101010101,1.0,0.87010101010101,1.0,0.8701010101010102,1.0,0.8701010101010102,1.0,0.87010101010101,1.0,0.87010101010101,0.999
0.8905050505050502,1.0,0.8905050505050502,1.0,0.8905050505050502,1.0,0.8905050505050502,1.0,0.8905050505050505,1.0,0.8905050505050505,1.0,0.8905050505050502,1.0,0.8905050505050502,1.0
0.9114141414141415,1.0,0.9114141414141415,1.0,0.9114141414141415,1.0,0.9114141414141415,1.0,0.9114141414141415,1.0,0.9114141414141415,1.0,0.9114141414141415,1.0,0.9114141414141415,1.0
0.9327272727272728,1.0,0.9327272727272728,1.0,0.9327272727272728,1.0,0.9327272727272728,1.0,0.9327272727272727,1.0,0.9327272727272727,1.0,0.9327272727272728,1.0,0.9327272727272728,1.0
0.9546464646464645,1.0,0.9546464646464645,1.0,0.9546464646464645,1.0,0.9546464646464645,1.0,0.9546464646464646,1.0,0.9546464646464646,1.0,0.9546464646464645,1.0,0.9546464646464645,1.0
0.977070707070707,1.0,0.977070707070707,1.0,0.977070707070707,1.0,0.977070707070707,1.0,0.9770707070707071,1.0,0.9770707070707071,1.0,0.977070707070707,1.0,0.977070707070707,1.0
1.0,1.0,1.0,1.0,1.0,1.0,1.0,1.0,1.0,1.0,1.0,1.0,1.0,1.0,1.0,1.0
