x_1,y_1,x_2,y_2,x_3,y_3,x_4,y_4,x_5,y_5,x_6,y_6,x_7,y_7,x_8,y_8,x_9,y_9,x_10,y_10,x_11,y_11,x_12,y_12
1.0,0.0,0.8660253882408142,0.5,0.5,0.8660253882408142,6.123234262925839e-17,1.0,-0.5,0.8660253882408142,-0.8660253882408142,0.5,-1.0,1.2246468525851679e-16,-0.8660253882408142,-0.5,-0.5,-0.8660253882408142,-1.8369701465288538e-16,-1.0,0.5,-0.8660253882408142,0.8660253882408142,-0.5
0.9910250902175903,-1.0680406376195606e-5,0.8570504784584045,0.4999893307685852,0.49102506041526794,0.8660147190093994,0.0034402713645249605,0.9939894080162048,-0.49099022150039673,0.86005038022995,-0.8570156097412109,0.49402499198913574,-0.9909752607345581,0.0043318686075508595,-0.857122004032135,-0.4940316379070282,-0.4910965859889984,-0.86005699634552,0.005037406459450722,-0.9940113425254822,0.49102506041526794,-0.866036057472229,0.8570504784584045,-0.5000106692314148
0.9820501804351807,-2.136081275239121e-5,0.8480755686759949,0.4999786615371704,0.4820501208305359,0.8660040497779846,0.006880542729049921,0.9879788160324097,-0.48198044300079346,0.8540753722190857,-0.8480058312416077,0.4880499839782715,-0.9819558262825012,-0.0007747816853225231,-0.8482186198234558,-0.4880632758140564,-0.4821931719779968,-0.8540886044502258,0.010074812918901443,-0.9880226850509644,0.4820501208305359,-0.8660467267036438,0.8480755686759949,-0.5000213384628296
0.973075270652771,-3.2041218219092116e-5,0.8391006588935852,0.4999679923057556,0.47307518124580383,0.8659933805465698,0.010320814326405525,0.9819682240486145,-0.4729706645011902,0.8481003642082214,-0.8389960527420044,0.4820749759674072,-0.972931981086731,0.004812635947018862,-0.8393152356147766,-0.4820949137210846,-0.47328975796699524,-0.8481202125549316,0.015112219378352165,-0.9820340275764465,0.47307518124580383,-0.8660573959350586,0.8391006588935852,-0.5000320076942444
0.9641003608703613,-4.272162550478242e-5,0.8301257491111755,0.4999573230743408,0.4641002416610718,0.865982711315155,0.013761085458099842,0.9759576320648193,-0.4639608860015869,0.8421253561973572,-0.8299862742424011,0.47609996795654297,-0.9639125466346741,-0.0002940143458545208,-0.8304118514060974,-0.4761265516281128,-0.46438634395599365,-0.8421518206596375,0.018433421850204468,-0.9760693311691284,0.4641002416610718,-0.8660680651664734,0.8301257491111755,-0.5000426769256592
0.9551254510879517,-5.340203279047273e-5,0.8211508393287659,0.499946653842926,0.4551253020763397,0.8659720420837402,0.01720135658979416,0.9699470400810242,-0.45495110750198364,0.8361503481864929,-0.8209764957427979,0.4701249599456787,-0.9548878073692322,0.004037854261696339,-0.8215084671974182,-0.470158189535141,-0.45548292994499207,-0.8361834287643433,0.02175462432205677,-0.9701046347618103,0.4551253020763397,-0.8660787343978882,0.8211508393287659,-0.500053346157074
0.946150541305542,-6.408243643818423e-5,0.8121759295463562,0.49993598461151123,0.44615036249160767,0.8659613728523254,0.02064162865281105,0.963936448097229,-0.44594132900238037,0.8301753401756287,-0.8119667172431946,0.46414995193481445,-0.9458683729171753,-0.001068796031177044,-0.812605082988739,-0.4641898274421692,-0.4465795159339905,-0.8302150368690491,0.025075826793909073,-0.9641399383544922,0.44615036249160767,-0.866089403629303,0.8121759295463562,-0.5000640153884888
0.9371756315231323,-7.476284372387454e-5,0.8032010197639465,0.49992531538009644,0.4371754229068756,0.8659507036209106,0.024081900715827942,0.9579258561134338,-0.4369315505027771,0.8242003321647644,-0.8029569387435913,0.4581749439239502,-0.936844527721405,0.004518621601164341,-0.8037016987800598,-0.4582214653491974,-0.4376761019229889,-0.8242466449737549,0.028397029265761375,-0.9581752419471741,0.4371754229068756,-0.8661000728607178,0.8032010197639465,-0.5000746846199036
0.9282007217407227,-8.544325100956485e-5,0.7942261099815369,0.49991464614868164,0.42820048332214355,0.8659400343894958,0.027522172778844833,0.9519152641296387,-0.42792177200317383,0.8182253241539001,-0.793947160243988,0.45219993591308594,-0.9278250932693481,-0.0005880286917090416,-0.7947983145713806,-0.4522531032562256,-0.4287726879119873,-0.8182782530784607,0.03171823173761368,-0.952210545539856,0.42820048332214355,-0.8661107420921326,0.7942261099815369,-0.5000853538513184
0.919225811958313,-9.612365829525515e-5,0.7852512001991272,0.49990397691726685,0.43124574422836304,0.8599427938461304,0.030962444841861725,0.9459046721458435,-0.41891199350357056,0.8122503161430359,-0.7849373817443848,0.4462249279022217,-0.9188003540039062,0.0037438401486724615,-0.7858949303627014,-0.4462847411632538,-0.4198692739009857,-0.8123098611831665,0.03503943607211113,-0.9462458491325378,0.4192255437374115,-0.8661214113235474,0.7852512001991272,-0.5000960230827332
0.9102509021759033,-0.00010680406558094546,0.7762762904167175,0.49989330768585205,0.422270804643631,0.8599321246147156,0.034402716904878616,0.9398940801620483,-0.4099022150039673,0.8062753081321716,-0.7759276032447815,0.4402499198913574,-0.9097809195518494,-0.001362810144200921,-0.7769915461540222,-0.440316379070282,-0.41096585988998413,-0.8063414692878723,0.03836064040660858,-0.9402811527252197,0.4223040044307709,-0.8602063655853271,0.7762762904167175,-0.500106692314148
0.9012759923934937,-0.00011748447286663577,0.7673013806343079,0.49988263845443726,0.42531606554985046,0.8539348840713501,0.037447988986968994,0.9338968396186829,-0.400892436504364,0.8003003001213074,-0.7669178247451782,0.43427491188049316,-0.9007570743560791,0.0042246077209711075,-0.768088161945343,-0.4343480169773102,-0.40206244587898254,-0.8003730773925781,0.04168184474110603,-0.9343164563179016,0.42538246512413025,-0.8542913198471069,0.7673013806343079,-0.5001173615455627
0.892301082611084,-0.00012816487287636846,0.7583264708518982,0.49987196922302246,0.4163411259651184,0.8539242148399353,0.04049326106905937,0.9278995990753174,-0.39188265800476074,0.7943252921104431,-0.757908046245575,0.4282999038696289,-0.8917376399040222,-0.0008820425719022751,-0.7591847777366638,-0.4283796548843384,-0.39315903186798096,-0.7944046854972839,0.045003049075603485,-0.9283517599105835,0.4164075255393982,-0.8543019890785217,0.7583264708518982,-0.5001280307769775
0.8833261728286743,-0.00013884528016205877,0.7493515610694885,0.49986129999160767,0.4193863868713379,0.8479269742965698,0.04353853315114975,0.9219023585319519,-0.38287287950515747,0.7883502840995789,-0.7488982677459717,0.42232489585876465,-0.882713794708252,0.00470537506043911,-0.7502813935279846,-0.4224112927913666,-0.38425561785697937,-0.7884362936019897,0.04832425341010094,-0.9223870635032654,0.41948598623275757,-0.8483869433403015,0.7493515610694885,-0.5001387000083923
0.8743512630462646,-0.00014952568744774908,0.7403766512870789,0.49985063076019287,0.4224316477775574,0.8419297337532043,0.04658380523324013,0.9159051179885864,-0.3738631010055542,0.7823752760887146,-0.7398884892463684,0.4163498878479004,-0.8736943602561951,-0.00040127523243427277,-0.7413780093193054,-0.4164429306983948,-0.3753522038459778,-0.7824679017066956,0.05164545774459839,-0.9164223670959473,0.4105110466480255,-0.8483976125717163,0.7403766512870789,-0.5001493692398071
0.865376353263855,-0.00016020609473343939,0.7314017415046692,0.4998399615287781,0.4134567081928253,0.8419190645217896,0.049629077315330505,0.909907877445221,-0.3648533225059509,0.7764002680778503,-0.7308787107467651,0.41037487983703613,-0.8646696209907532,0.003930593375116587,-0.7324746251106262,-0.410474568605423,-0.3664487898349762,-0.7764995098114014,0.05496666207909584,-0.9104576706886292,0.4135895073413849,-0.8424825668334961,0.7314017415046692,-0.5001600384712219
0.8564014434814453,-0.0001708865020191297,0.7224268317222595,0.4998292922973633,0.4165019690990448,0.8359218239784241,0.05267434939742088,0.9039106369018555,-0.35584354400634766,0.7704252600669861,-0.7218689322471619,0.4043998718261719,-0.8556501865386963,-0.0011760569177567959,-0.723571240901947,-0.40450620651245117,-0.3575453758239746,-0.7705311179161072,0.05828786641359329,-0.904492974281311,0.41666796803474426,-0.8365675210952759,0.7224268317222595,-0.5001707077026367
0.8474265336990356,-0.00018156690930482,0.7134519219398499,0.4998186230659485,0.40752702951431274,0.8359111547470093,0.05571962147951126,0.89791339635849,-0.3468337655067444,0.7644502520561218,-0.7128591537475586,0.3984248638153076,-0.846626341342926,0.004411360714584589,-0.7146678566932678,-0.39853784441947937,-0.348641961812973,-0.764562726020813,0.061609070748090744,-0.8985282778739929,0.4076930284500122,-0.8365781903266907,0.7134519219398499,-0.5001813769340515
0.838451623916626,-0.0001922473165905103,0.7044770121574402,0.4998079538345337,0.4105722904205322,0.8299139142036438,0.05876489356160164,0.8919161558151245,-0.3378239870071411,0.7584752440452576,-0.7038493752479553,0.39244985580444336,-0.8376069068908691,-0.0006952895782887936,-0.7057644724845886,-0.39256948232650757,-0.33973854780197144,-0.7585943341255188,0.0649302750825882,-0.8925635814666748,0.4107714891433716,-0.8306631445884705,0.7044770121574402,-0.5001920461654663
0.8294767141342163,-0.00020292772387620062,0.6955021023750305,0.4997972846031189,0.4136175513267517,0.8239166736602783,0.06181016564369202,0.885918915271759,-0.32881420850753784,0.7525002360343933,-0.694839596748352,0.3864748477935791,-0.8285830616950989,0.004892128054052591,-0.6968610882759094,-0.38660112023353577,-0.33083513379096985,-0.7526259422302246,0.06825147569179535,-0.8865988850593567,0.4017965495586395,-0.8306738138198853,0.6955021023750305,-0.5002027153968811
0.8205018043518066,-0.00021360813116189092,0.6865271925926208,0.4997866153717041,0.40464261174201965,0.8239060044288635,0.06485544145107269,0.8799216747283936,-0.31985801458358765,0.7465015649795532,-0.6858298182487488,0.38049983978271484,-0.819563627243042,-0.00021452223882079124,-0.6879577040672302,-0.38063275814056396,-0.32193171977996826,-0.7466575503349304,0.0715726763010025,-0.8806341886520386,0.4048750102519989,-0.824758768081665,0.6865271925926208,-0.5002133846282959
0.811526894569397,-0.00022428853844758123,0.6775522828102112,0.4997759461402893,0.40768787264823914,0.817908763885498,0.06790071725845337,0.8739244341850281,-0.31090182065963745,0.7405028939247131,-0.6768200397491455,0.3745248317718506,-0.8105388879776001,0.004117346368730068,-0.679054319858551,-0.37466439604759216,-0.3130283057689667,-0.7406891584396362,0.07489387691020966,-0.8746694922447205,0.4079534709453583,-0.8188437223434448,0.6775522828102112,-0.5002240538597107
0.8025519847869873,-0.00023496894573327154,0.6685773730278015,0.4997652769088745,0.3987129330635071,0.8178980946540833,0.07094599306583405,0.8679271936416626,-0.30194562673568726,0.734504222869873,-0.6678102612495422,0.36854982376098633,-0.8015194535255432,-0.0009893039241433144,-0.6701509356498718,-0.36869603395462036,-0.3041248917579651,-0.734720766544342,0.07821507751941681,-0.8687047958374023,0.3989785313606262,-0.8188543915748596,0.6685773730278015,-0.5002347230911255
0.7935770750045776,-0.0002456493384670466,0.6596024632453918,0.4997546076774597,0.40175819396972656,0.8119008541107178,0.07399126887321472,0.8619299530982971,-0.29298943281173706,0.728505551815033,-0.658800482749939,0.36257481575012207,-0.792495608329773,0.0045981137081980705,-0.6612475514411926,-0.36272767186164856,-0.2952214777469635,-0.7287523746490479,0.08153627812862396,-0.8627400994300842,0.4020569920539856,-0.8129393458366394,0.6596024632453918,-0.5002453923225403
0.784602165222168,-0.0002563297457527369,0.6506275534629822,0.4997439384460449,0.40480345487594604,0.8059036135673523,0.0770365446805954,0.8559327125549316,-0.28403323888778687,0.7225068807601929,-0.6497907042503357,0.3565998077392578,-0.7834761738777161,-0.000508536584675312,-0.6523441672325134,-0.35675930976867676,-0.2863180637359619,-0.7227839827537537,0.08485747873783112,-0.8567754030227661,0.39308205246925354,-0.8129500150680542,0.6506275534629822,-0.5002560615539551
0.7756272554397583,-0.00026701015303842723,0.6416526436805725,0.4997332692146301,0.395828515291214,0.8058929443359375,0.08008182048797607,0.8499354720115662,-0.27507704496383667,0.7165082097053528,-0.6407809257507324,0.35062479972839355,-0.7744514346122742,0.003823332255706191,-0.6434407830238342,-0.35079094767570496,-0.2774146497249603,-0.7168155908584595,0.08817867934703827,-0.850810706615448,0.3961605131626129,-0.807034969329834,0.6416526436805725,-0.5002667307853699
0.7666523456573486,-0.00027769056032411754,0.6326777338981628,0.49972259998321533,0.39887377619743347,0.799895703792572,0.08312709629535675,0.8439382314682007,-0.2661208510398865,0.7105095386505127,-0.6317711472511292,0.3446497917175293,-0.7654320001602173,-0.0012833180371671915,-0.634537398815155,-0.34482258558273315,-0.26851123571395874,-0.7108471989631653,0.09149987995624542,-0.8448460102081299,0.3992389738559723,-0.8011199235916138,0.6326777338981628,-0.5002774000167847
0.757677435874939,-0.00028837096760980785,0.6237028241157532,0.49971193075180054,0.3898988366127014,0.7998850345611572,0.08617237210273743,0.8379409909248352,-0.2571646571159363,0.7045108675956726,-0.6227613687515259,0.33867478370666504,-0.756408154964447,0.004304099828004837,-0.6256340146064758,-0.33885422348976135,-0.25960782170295715,-0.7048788070678711,0.09482108056545258,-0.8388813138008118,0.39026403427124023,-0.8011305928230286,0.6237028241157532,-0.5002880692481995
0.7487025260925293,-0.00029905137489549816,0.6147279143333435,0.49970126152038574,0.3929440975189209,0.7938877940177917,0.0892176479101181,0.8319437503814697,-0.2482084482908249,0.6985121965408325,-0.6137515902519226,0.3326997756958008,-0.7473887205123901,-0.0008025504648685455,-0.6167306303977966,-0.33288586139678955,-0.25070440769195557,-0.6989104151725769,0.09814228117465973,-0.8329166173934937,0.3933424949645996,-0.7952155470848083,0.6147279143333435,-0.5002987384796143
0.7397276163101196,-0.00030973178218118846,0.6057530045509338,0.49969059228897095,0.3959893584251404,0.7878905534744263,0.09226292371749878,0.8259465098381042,-0.2392522394657135,0.6925135254859924,-0.6047418117523193,0.3267247676849365,-0.7383648753166199,0.004784867167472839,-0.6078272461891174,-0.32691749930381775,-0.24180099368095398,-0.6929420232772827,0.10146348178386688,-0.8269519209861755,0.38436755537986755,-0.7952262163162231,0.6057530045509338,-0.500309407711029
0.73075270652771,-0.00032041218946687877,0.5967780947685242,0.49967992305755615,0.3870144188404083,0.7878798842430115,0.09530819952487946,0.8199492692947388,-0.2302960306406021,0.6865148544311523,-0.5957320332527161,0.32074975967407227,-0.729345440864563,-0.0003217831254005432,-0.5989238619804382,-0.32094913721084595,-0.2328975796699524,-0.6869736313819885,0.10478468239307404,-0.8209872245788574,0.38744601607322693,-0.7893111705780029,0.5967780947685242,-0.5003200769424438
0.7217777967453003,-0.0003310925967525691,0.5878031849861145,0.49966925382614136,0.3900596797466278,0.781882643699646,0.09835347533226013,0.8139520287513733,-0.22133982181549072,0.6805161833763123,-0.5867222547531128,0.314774751663208,-0.7203207015991211,0.004010085482150316,-0.590020477771759,-0.31498077511787415,-0.2239941656589508,-0.6810052394866943,0.10810588300228119,-0.8150225281715393,0.3905244767665863,-0.7833961248397827,0.5878031849861145,-0.5003307461738586
0.7128028869628906,-0.0003417730040382594,0.5788282752037048,0.49965858459472656,0.38108474016189575,0.7818719744682312,0.10139875113964081,0.8079547882080078,-0.21238361299037933,0.6745175123214722,-0.5777124762535095,0.30879974365234375,-0.7113012671470642,-0.0010965648107230663,-0.5811170935630798,-0.30901241302490234,-0.21509075164794922,-0.6750368475914001,0.11142708361148834,-0.8090578317642212,0.38154953718185425,-0.7834067940711975,0.5788282752037048,-0.5003414154052734
0.703827977180481,-0.0003524534113239497,0.5698533654212952,0.49964791536331177,0.38413000106811523,0.7758747339248657,0.10444402694702148,0.8019575476646423,-0.20342740416526794,0.6685188412666321,-0.5687026977539062,0.3028247356414795,-0.702277421951294,0.0044908528216183186,-0.5722137093544006,-0.30304405093193054,-0.20618733763694763,-0.669068455696106,0.1147482842206955,-0.8030931353569031,0.3846279978752136,-0.7774917483329773,0.5698533654212952,-0.5003520846366882
0.6948530673980713,-0.00036313381860964,0.5608784556388855,0.499637246131897,0.3871752619743347,0.7698774933815002,0.10748930275440216,0.7959603071212769,-0.19447119534015656,0.662520170211792,-0.559692919254303,0.29684972763061523,-0.6932579874992371,-0.000615797471255064,-0.5633103251457214,-0.29707568883895874,-0.19728392362594604,-0.6631000638008118,0.11806948482990265,-0.797128438949585,0.37565305829048157,-0.7775024175643921,0.5608784556388855,-0.500362753868103
0.6858781576156616,-0.0003738142258953303,0.5519035458564758,0.4996265769004822,0.37820032238960266,0.7698668241500854,0.11053457856178284,0.7899630665779114,-0.18551498651504517,0.6565214991569519,-0.5506831407546997,0.290874719619751,-0.6842341423034668,0.004971620161086321,-0.5544069409370422,-0.29110732674598694,-0.18838050961494446,-0.6571316719055176,0.1213906854391098,-0.7911637425422668,0.37873151898384094,-0.7715873718261719,0.5519035458564758,-0.5003734230995178
0.676903247833252,-0.0003844946331810206,0.5429286360740662,0.4996159076690674,0.38124558329582214,0.76386958360672,0.11357985436916351,0.7839658260345459,-0.17655877768993378,0.6505228281021118,-0.5416733622550964,0.2848997116088867,-0.6752147078514099,-0.0001350301317870617,-0.545503556728363,-0.28513896465301514,-0.17947709560394287,-0.6511632800102234,0.12471188604831696,-0.7851990461349487,0.3818099796772003,-0.7656723260879517,0.5429286360740662,-0.5003840923309326
0.6679283380508423,-0.0003951750404667109,0.5339537262916565,0.4996052384376526,0.3722706437110901,0.7638589143753052,0.11662513017654419,0.7779685854911804,-0.1676025688648224,0.6445241570472717,-0.5326635837554932,0.27892470359802246,-0.666189968585968,0.004196838475763798,-0.5366001725196838,-0.27917060256004333,-0.17057368159294128,-0.6451948881149292,0.1280330866575241,-0.7792343497276306,0.37283504009246826,-0.7656829953193665,0.5339537262916565,-0.5003947615623474
0.6589534282684326,-0.00040585544775240123,0.5249788165092468,0.4995945692062378,0.37531590461730957,0.7578616738319397,0.11967040598392487,0.7719713449478149,-0.158646360039711,0.6385254859924316,-0.5236538052558899,0.2729496955871582,-0.6571705341339111,-0.0009098118171095848,-0.5276967883110046,-0.27320224046707153,-0.1616702675819397,-0.639226496219635,0.13135428726673126,-0.7732696533203125,0.37591350078582764,-0.7597679495811462,0.5249788165092468,-0.5004054307937622
0.649978518486023,-0.00041653585503809154,0.5160039067268372,0.499583899974823,0.37836116552352905,0.7518644332885742,0.12271568179130554,0.7659741044044495,-0.1496901512145996,0.6325268149375916,-0.5146440267562866,0.26697468757629395,-0.6481466889381409,0.0046776058152318,-0.5187934041023254,-0.26723387837409973,-0.1527668535709381,-0.6332581043243408,0.13467548787593842,-0.7673049569129944,0.3669385612010956,-0.759778618812561,0.5160039067268372,-0.500416100025177
0.6410036087036133,-0.00042721626232378185,0.5070289969444275,0.4995732307434082,0.369386225938797,0.7518537640571594,0.12576095759868622,0.759976863861084,-0.14073394238948822,0.6265281438827515,-0.5056342482566833,0.2609996795654297,-0.639127254486084,-0.0004290444776415825,-0.5098900198936462,-0.26126551628112793,-0.14386343955993652,-0.6272897124290466,0.13799668848514557,-0.7613402605056763,0.37001702189445496,-0.7538635730743408,0.5070289969444275,-0.5004267692565918
0.6320286989212036,-0.00043789666960947216,0.49805405735969543,0.4995625615119934,0.3724314868450165,0.745856523513794,0.1288062334060669,0.7539796233177185,-0.13177773356437683,0.6205294728279114,-0.4966244697570801,0.25502467155456543,-0.6301025152206421,0.0039028243627399206,-0.500986635684967,-0.25529715418815613,-0.13496002554893494,-0.6213213205337524,0.14131788909435272,-0.7553755640983582,0.37309548258781433,-0.7479485273361206,0.49805405735969543,-0.5004374384880066
0.623053789138794,-0.00044857707689516246,0.4890791177749634,0.4995518922805786,0.3634565472602844,0.7458458542823792,0.13185150921344757,0.747982382774353,-0.12282152473926544,0.6145308017730713,-0.4876146912574768,0.24904966354370117,-0.6210830807685852,-0.001203825930133462,-0.49208322167396545,-0.24932877719402313,-0.12605661153793335,-0.6153529286384583,0.14463908970355988,-0.74941086769104,0.3641205430030823,-0.7479591965675354,0.4890791177749634,-0.5004481077194214
0.6140788793563843,-0.00045925748418085277,0.4801041781902313,0.4995412230491638,0.3665018081665039,0.7398486137390137,0.13489678502082825,0.7419851422309875,-0.11386531591415405,0.6085321307182312,-0.47860491275787354,0.24307465553283691,-0.6120592355728149,0.004383591935038567,-0.48317980766296387,-0.24336040019989014,-0.11715320497751236,-0.6093845367431641,0.14796029031276703,-0.7434461712837219,0.36719900369644165,-0.7420441508293152,0.4801041781902313,-0.5004587769508362
0.6051039695739746,-0.0004699378914665431,0.47112923860549927,0.499530553817749,0.3695470690727234,0.7338513731956482,0.13794206082820892,0.7359879016876221,-0.10490910708904266,0.6025334596633911,-0.46959513425827026,0.23709964752197266,-0.6030398011207581,-0.000723058357834816,-0.4742763936519623,-0.23739202320575714,-0.10824979841709137,-0.6034161448478699,0.15128149092197418,-0.7374814748764038,0.3582240641117096,-0.74205482006073,0.47112923860549927,-0.500469446182251
0.5961290597915649,-0.0004806182987522334,0.4621542990207672,0.49951988458633423,0.36057212948799133,0.7338407039642334,0.1409873366355896,0.7299906611442566,-0.09595289826393127,0.596534788608551,-0.460585355758667,0.2311246395111084,-0.5940159559249878,0.004864359274506569,-0.4653729796409607,-0.23142364621162415,-0.09934639185667038,-0.5974477529525757,0.15435996651649475,-0.7315664291381836,0.36130252480506897,-0.7361397743225098,0.4621542990207672,-0.5004801154136658
0.5871541500091553,-0.0004912986769340932,0.45317935943603516,0.49950921535491943,0.3636173903942108,0.7278434634208679,0.14403261244297028,0.7239934206008911,-0.08699668943881989,0.5905361175537109,-0.4515755772590637,0.22514963150024414,-0.5849965214729309,-0.00024229101836681366,-0.4564695656299591,-0.22545526921749115,-0.09044298529624939,-0.5914793610572815,0.15743844211101532,-0.7256513833999634,0.36438098549842834,-0.7302247285842896,0.45317935943603516,-0.5004907846450806
0.5781792402267456,-0.0005019790842197835,0.4442044198513031,0.49949854612350464,0.35464245080947876,0.7278327941894531,0.14707788825035095,0.7179961800575256,-0.0780404806137085,0.5845374464988708,-0.44256579875946045,0.21917462348937988,-0.575971782207489,0.004089577589184046,-0.4475661516189575,-0.21948689222335815,-0.08164659887552261,-0.5854937434196472,0.1605169177055359,-0.7197363376617432,0.3554060459136963,-0.7302353978157043,0.4442044198513031,-0.5005014538764954
0.5692043304443359,-0.0005126594915054739,0.43522948026657104,0.49948787689208984,0.35768771171569824,0.7218355536460876,0.15012316405773163,0.7119989395141602,-0.0690842717885971,0.5785387754440308,-0.4335560202598572,0.21319961547851562,-0.5669523477554321,-0.0010170727036893368,-0.43866273760795593,-0.21351851522922516,-0.07285021245479584,-0.5795081257820129,0.16359539330005646,-0.713821291923523,0.35848450660705566,-0.7243203520774841,0.43522948026657104,-0.5005121231079102
0.5602294206619263,-0.0005233398987911642,0.426254540681839,0.49947720766067505,0.3607329726219177,0.7158383131027222,0.1531684398651123,0.7060016989707947,-0.06012806296348572,0.5725401043891907,-0.4245462417602539,0.20722460746765137,-0.5579285025596619,0.004570344928652048,-0.42975932359695435,-0.20755013823509216,-0.06405382603406906,-0.5735225081443787,0.16667386889457703,-0.7079062461853027,0.3495095670223236,-0.7243310213088989,0.426254540681839,-0.500522792339325
0.5512545108795166,-0.0005340203060768545,0.41727960109710693,0.49946653842926025,0.35175803303718567,0.7158276438713074,0.15621371567249298,0.7000044584274292,-0.05117185413837433,0.5665414333343506,-0.41553646326065063,0.2012495994567871,-0.548909068107605,-0.0005363053642213345,-0.42085590958595276,-0.20158176124095917,-0.05525743588805199,-0.5675368905067444,0.1697523444890976,-0.7019912004470825,0.352588027715683,-0.7184159755706787,0.41727960109710693,-0.5005334615707397
0.5422796010971069,-0.0005447007133625448,0.4083046615123749,0.49945586919784546,0.35480329394340515,0.7098304033279419,0.15925899147987366,0.6940072178840637,-0.04221564531326294,0.5605427622795105,-0.40652668476104736,0.19527459144592285,-0.5398852229118347,0.00505111226812005,-0.41183918714523315,-0.19584856927394867,-0.04646104574203491,-0.5615512728691101,0.17283082008361816,-0.6960761547088623,0.35566648840904236,-0.7125009298324585,0.4083046615123749,-0.5005441308021545
0.5333046913146973,-0.0005553811206482351,0.3993297219276428,0.49944519996643066,0.3458283543586731,0.7098197340965271,0.16230426728725433,0.6880099773406982,-0.03325943648815155,0.5545440912246704,-0.3975169062614441,0.1892995834350586,-0.5308657884597778,-5.5538028391310945e-5,-0.40282246470451355,-0.19011537730693817,-0.03766465559601784,-0.5555656552314758,0.17590929567813873,-0.6901611089706421,0.3466915488243103,-0.7125115990638733,0.3993297219276428,-0.5005548000335693
0.5243297815322876,-0.0005660615279339254,0.39035478234291077,0.49943453073501587,0.3488736152648926,0.7038224935531616,0.165349543094635,0.6820127367973328,-0.02430322766304016,0.5485454201698303,-0.3885071277618408,0.18332457542419434,-0.5218410491943359,0.004276330582797527,-0.39380574226379395,-0.18438218533992767,-0.028868265450000763,-0.5495800375938416,0.1789877712726593,-0.6842460632324219,0.3497700095176697,-0.7065965533256531,0.39035478234291077,-0.5005654692649841
0.5153548717498779,-0.0005767419352196157,0.3813798427581787,0.4994238615036011,0.35191887617111206,0.6978252530097961,0.16839481890201569,0.6760154962539673,-0.015347019769251347,0.5425467491149902,-0.37949734926223755,0.17734956741333008,-0.512821614742279,-0.0008303197100758553,-0.38478901982307434,-0.17864899337291718,-0.02007187530398369,-0.5435944199562073,0.18206624686717987,-0.6783310174942017,0.3407950699329376,-0.7066072225570679,0.3813798427581787,-0.5005761384963989
0.5063799619674683,-0.000587422342505306,0.37240490317344666,0.4994131922721863,0.34294393658638,0.6978145837783813,0.17144009470939636,0.6700182557106018,-0.006390811875462532,0.5365480780601501,-0.3704875707626343,0.17137455940246582,-0.5037977695465088,0.00475709792226553,-0.37577229738235474,-0.17291580140590668,-0.011275485157966614,-0.537608802318573,0.18514472246170044,-0.6724159717559814,0.343873530626297,-0.7006921768188477,0.37240490317344666,-0.5005868077278137
0.4974050223827362,-0.0005981027497909963,0.3634299635887146,0.4994025230407715,0.3459891974925995,0.6918173432350159,0.17448537051677704,0.6640210151672363,0.0018607894890010357,0.5305404663085938,-0.361477792263031,0.16539955139160156,-0.4947783648967743,-0.00034955237060785294,-0.36675557494163513,-0.16718260943889618,-0.002479095244780183,-0.5316231846809387,0.188223198056221,-0.6665009260177612,0.34695199131965637,-0.6947771310806274,0.3634299635887146,-0.5005974769592285
0.48843008279800415,-0.0006087831570766866,0.35445502400398254,0.4993918538093567,0.33701425790786743,0.6918066740036011,0.17753064632415771,0.6580237746238708,0.0053010606206953526,0.5245298743247986,-0.35246801376342773,0.1594245433807373,-0.4857536256313324,0.0039823162369430065,-0.3577388525009155,-0.16144941747188568,0.006317294668406248,-0.5256375670433044,0.19130167365074158,-0.660585880279541,0.3379770517349243,-0.6947878003120422,0.35445502400398254,-0.5006081461906433
0.4794551432132721,-0.0006194635643623769,0.3454800844192505,0.4993811845779419,0.3400595188140869,0.6858094334602356,0.1805759221315384,0.6520265340805054,0.008741332218050957,0.5185192823410034,-0.34345823526382446,0.15344953536987305,-0.4767342209815979,-0.001124334055930376,-0.3487221300601959,-0.15571622550487518,0.011354700662195683,-0.5196489095687866,0.19438014924526215,-0.6546708345413208,0.3410555124282837,-0.688872754573822,0.3454800844192505,-0.5006188154220581
0.47048020362854004,-0.0006301439716480672,0.33650514483451843,0.4993705153465271,0.3431047797203064,0.6798121929168701,0.18362119793891907,0.6460292935371399,0.012181603349745274,0.5125086903572083,-0.3344484567642212,0.1474745273590088,-0.46771037578582764,0.004463083576411009,-0.3397054076194763,-0.14998303353786469,0.01467590406537056,-0.5136842131614685,0.19745862483978271,-0.6487557888031006,0.33208057284355164,-0.6888834238052368,0.33650514483451843,-0.5006294846534729
0.461505264043808,-0.0006408243789337575,0.3275302052497864,0.4993598461151123,0.33412984013557434,0.6798015236854553,0.18666647374629974,0.6400320529937744,0.01562187448143959,0.5064980983734131,-0.3254386782646179,0.14149951934814453,-0.45869097113609314,-0.0006435667164623737,-0.3306886851787567,-0.1442498415708542,0.017997106537222862,-0.5077195167541504,0.20053710043430328,-0.6428407430648804,0.335159033536911,-0.6829683780670166,0.3275302052497864,-0.5006401538848877
0.4525303244590759,-0.0006515047862194479,0.3185552656650543,0.4993491768836975,0.3371751010417938,0.6738042831420898,0.18971174955368042,0.6340348124504089,0.019062146544456482,0.5004875063896179,-0.31642889976501465,0.13552451133728027,-0.4496671259403229,0.004943850915879011,-0.3216719627380371,-0.1385166496038437,0.021318309009075165,-0.5017548203468323,0.20361557602882385,-0.6369256973266602,0.3382374942302704,-0.6770533323287964,0.3185552656650543,-0.5006508231163025
0.44355538487434387,-0.0006621851935051382,0.30958032608032227,0.4993385076522827,0.32820016145706177,0.673793613910675,0.1927570253610611,0.6280375719070435,0.02210742048919201,0.49449026584625244,-0.3074191212654114,0.12954950332641602,-0.4406477212905884,-0.00016279937699437141,-0.3126552402973175,-0.1327834576368332,0.024639511480927467,-0.49579015374183655,0.20669405162334442,-0.6310106515884399,0.32926255464553833,-0.6770640015602112,0.30958032608032227,-0.5006614923477173
0.4345804452896118,-0.0006728656007908285,0.3006053864955902,0.4993278384208679,0.33124542236328125,0.6677963733673096,0.19580230116844177,0.622040331363678,0.025152694433927536,0.48849302530288696,-0.2984093427658081,0.12357450276613235,-0.4316229820251465,0.004169069230556488,-0.3036385178565979,-0.1270502656698227,0.02796071395277977,-0.4898254871368408,0.209772527217865,-0.6250956058502197,0.3323410153388977,-0.671148955821991,0.3006053864955902,-0.5006721615791321
0.42560550570487976,-0.0006835460080765188,0.29163044691085815,0.4993171691894531,0.33429068326950073,0.6617991328239441,0.19884757697582245,0.6160430908203125,0.028197968378663063,0.4824957847595215,-0.28939956426620483,0.1175995022058487,-0.422603577375412,-0.0009375810623168945,-0.2946217954158783,-0.1213170737028122,0.03128191828727722,-0.4838608205318451,0.21285100281238556,-0.6191805601119995,0.32336607575416565,-0.6711596250534058,0.29163044691085815,-0.5006828308105469
0.4166305661201477,-0.0006942264153622091,0.2826555073261261,0.49930649995803833,0.3253157436847687,0.6617884635925293,0.20189285278320312,0.610045850276947,0.03124324232339859,0.476498544216156,-0.28038978576660156,0.11162450164556503,-0.4135797321796417,0.00464983657002449,-0.2856050729751587,-0.1155838817358017,0.03460312262177467,-0.47789615392684937,0.21592947840690613,-0.6132655143737793,0.326444536447525,-0.6652445793151855,0.2826555073261261,-0.5006935000419617
0.40765562653541565,-0.0007049068226478994,0.27368056774139404,0.49929583072662354,0.32836100459098816,0.6557912230491638,0.2049381285905838,0.6040486097335815,0.03428851440548897,0.4705013036727905,-0.2713800072669983,0.10564950108528137,-0.40456995368003845,-0.0013251659693196416,-0.2765883505344391,-0.1098506897687912,0.037924326956272125,-0.47193148732185364,0.2190079540014267,-0.6073504686355591,0.3295229971408844,-0.6593295335769653,0.27368056774139404,-0.5007041692733765
0.3986806869506836,-0.0007155872299335897,0.264705628156662,0.49928516149520874,0.3193860650062561,0.655780553817749,0.20798340439796448,0.5980513691902161,0.037333786487579346,0.46450406312942505,-0.262370228767395,0.09967450052499771,-0.3955461084842682,0.004262251779437065,-0.2675716280937195,-0.1041174978017807,0.04124553129076958,-0.4659668207168579,0.22208642959594727,-0.6014354228973389,0.32054805755615234,-0.6593402028083801,0.264705628156662,-0.5007148385047913
0.38970574736595154,-0.00072626763721928,0.25573068857192993,0.49927449226379395,0.3224313259124756,0.6497833132743835,0.21102868020534515,0.5920541286468506,0.040379058569669724,0.45850682258605957,-0.25336045026779175,0.09369949996471405,-0.3865267038345337,-0.0008443985134363174,-0.2585549056529999,-0.0983843058347702,0.04456673562526703,-0.4600021541118622,0.22516490519046783,-0.5955203771591187,0.3236265182495117,-0.6534251570701599,0.25573068857192993,-0.500725507736206
0.3807308077812195,-0.0007369480445049703,0.24675574898719788,0.49926382303237915,0.32547658681869507,0.6437860727310181,0.21407395601272583,0.5860568881034851,0.0434243306517601,0.4525095820426941,-0.24435065686702728,0.08772449940443039,-0.3775028586387634,0.0047430191189050674,-0.24953818321228027,-0.0926511138677597,0.04788793995976448,-0.45403748750686646,0.2282433807849884,-0.5896053314208984,0.31465157866477966,-0.6534358263015747,0.24675574898719788,-0.5007361769676208
0.3717558681964874,-0.0007476284517906606,0.24980102479457855,0.49326658248901367,0.316501647233963,0.6437754034996033,0.2171192318201065,0.5800596475601196,0.04646960273385048,0.4465123414993286,-0.23534086346626282,0.08174949884414673,-0.36849308013916016,-0.0012319834204390645,-0.24052146077156067,-0.0869179219007492,0.05120914429426193,-0.4480728209018707,0.23132185637950897,-0.5836902856826782,0.31773003935813904,-0.6475207805633545,0.23778080940246582,-0.5007468461990356
0.36278092861175537,-0.0007583088590763509,0.2408260852098465,0.4932559132575989,0.3195469081401825,0.6377781629562378,0.22016450762748718,0.5740624070167542,0.04951487481594086,0.44051510095596313,-0.22633107006549835,0.07577449828386307,-0.3594692349433899,0.004355434328317642,-0.23150473833084106,-0.08118472993373871,0.054530348628759384,-0.442108154296875,0.23440033197402954,-0.577775239944458,0.3208085000514984,-0.6416057348251343,0.2408592849969864,-0.49483177065849304
0.3538059890270233,-0.0007689892663620412,0.24387136101722717,0.4872586727142334,0.31057196855545044,0.637767493724823,0.22320978343486786,0.5680651664733887,0.052560146898031235,0.43451786041259766,-0.2173212766647339,0.0697994977235794,-0.3504594564437866,-0.0016195682110264897,-0.22248801589012146,-0.07545153796672821,0.057851552963256836,-0.4361434876918793,0.2374788075685501,-0.5718601942062378,0.31183356046676636,-0.6416164040565491,0.24393776059150696,-0.48891669511795044
0.34483104944229126,-0.0007796696736477315,0.23489642143249512,0.4872480034828186,0.3136172294616699,0.6317702531814575,0.22625505924224854,0.5620679259300232,0.05560541898012161,0.4285206198692322,-0.20831148326396942,0.06382449716329575,-0.34143561124801636,0.003967849537730217,-0.21347129344940186,-0.06971834599971771,0.06117275729775429,-0.43017882108688354,0.24055728316307068,-0.5659451484680176,0.31491202116012573,-0.6357013583183289,0.2349628210067749,-0.48892736434936523
0.3358561098575592,-0.0007903500809334219,0.2379416972398758,0.4812507629394531,0.3166624903678894,0.625773012638092,0.2293003350496292,0.5560706853866577,0.05865069106221199,0.4225233793258667,-0.19930168986320496,0.057849492877721786,-0.3324258327484131,-0.002007153118029237,-0.20445457100868225,-0.06398515403270721,0.06449396163225174,-0.4242141544818878,0.24363575875759125,-0.5600301027297974,0.3059370815753937,-0.6357120275497437,0.23804129660129547,-0.48301228880882263
0.32688117027282715,-0.0008010304882191122,0.24098697304725647,0.47525352239608765,0.30768755078315735,0.6257623434066772,0.2323456108570099,0.5500734448432922,0.06169596314430237,0.4165261387825012,-0.1902918964624405,0.05187448859214783,-0.3234019875526428,0.0035802647471427917,-0.19543784856796265,-0.05825195834040642,0.06781516224145889,-0.4182494878768921,0.24671423435211182,-0.5541150569915771,0.30901554226875305,-0.6297969818115234,0.22906635701656342,-0.4830229580402374
0.3179062306880951,-0.0008117108955048025,0.23201203346252441,0.47524285316467285,0.31073281168937683,0.6197651028633118,0.23539088666439056,0.5440762042999268,0.06474123895168304,0.41052889823913574,-0.18128210306167603,0.04589948430657387,-0.3143825829029083,-0.0015263855457305908,-0.18642112612724304,-0.05251876264810562,0.07113636285066605,-0.41228482127189636,0.24979270994663239,-0.5482000112533569,0.3120940029621124,-0.6238819360733032,0.23214483261108398,-0.4771078824996948
0.30893129110336304,-0.0008223913027904928,0.2350573092699051,0.4692456126213074,0.3017578721046448,0.619754433631897,0.23843616247177124,0.5380789637565613,0.06778651475906372,0.40453165769577026,-0.17227230966091156,0.03992448002099991,-0.30535873770713806,0.004061032086610794,-0.17740440368652344,-0.046785566955804825,0.0744575634598732,-0.40632015466690063,0.25287118554115295,-0.5422849655151367,0.30311906337738037,-0.623892605304718,0.23522330820560455,-0.4711928069591522
0.299956351518631,-0.0008330717100761831,0.22608236968517303,0.4692349433898926,0.30480313301086426,0.6137571930885315,0.24148143827915192,0.5320817232131958,0.0708317905664444,0.3985344171524048,-0.1632625162601471,0.03394947573542595,-0.2963489592075348,-0.0019139704527333379,-0.16838768124580383,-0.04105237126350403,0.07777876406908035,-0.4003554880619049,0.25594964623451233,-0.5363699197769165,0.30619752407073975,-0.6179775595664978,0.2262483686208725,-0.471203476190567
0.2909814119338989,-0.0008437521173618734,0.2291276454925537,0.4632377028465271,0.30784839391708374,0.607759952545166,0.2445267140865326,0.5260844826698303,0.07387706637382507,0.3925371766090393,-0.15425272285938263,0.02797447331249714,-0.2873251140117645,0.003673447296023369,-0.15937095880508423,-0.03531917557120323,0.0810999646782875,-0.3943908214569092,0.2590281069278717,-0.5304548740386963,0.2972225844860077,-0.6179882287979126,0.22932684421539307,-0.4652884006500244
0.28200647234916687,-0.0008544325246475637,0.2321729212999344,0.4572404623031616,0.2988734543323517,0.6077492833137512,0.24757198989391327,0.5200872421264648,0.07692234218120575,0.38653993606567383,-0.14524292945861816,0.02199947088956833,-0.27831533551216125,-0.002301555359736085,-0.15035423636436462,-0.029585979878902435,0.08417844027280807,-0.3884757459163666,0.2621065676212311,-0.5245398283004761,0.30030104517936707,-0.6120731830596924,0.220351904630661,-0.4652990698814392
0.2730315327644348,-0.000865112931933254,0.22319798171520233,0.4572297930717468,0.30191871523857117,0.6017520427703857,0.25061726570129395,0.5140900015830994,0.07996761798858643,0.38054269552230835,-0.1362331360578537,0.01602446846663952,-0.269291490316391,0.0032858625054359436,-0.14133751392364502,-0.02385278418660164,0.08725691586732864,-0.382560670375824,0.253131628036499,-0.5245504975318909,0.30337950587272644,-0.6061581373214722,0.22343038022518158,-0.4593839943408966
0.26405659317970276,-0.0008757933392189443,0.226243257522583,0.45123255252838135,0.2929437756538391,0.601741373538971,0.2536625266075134,0.5080927610397339,0.0830128937959671,0.37454545497894287,-0.12722334265708923,0.010049466043710709,-0.2602817118167877,-0.00268914015032351,-0.13232079148292542,-0.018119588494300842,0.09033539146184921,-0.37664559483528137,0.2562100887298584,-0.5186354517936707,0.2944045662879944,-0.606168806552887,0.22650885581970215,-0.453468918800354
0.2550816535949707,-0.0008864737465046346,0.21726831793785095,0.45122188329696655,0.2959890365600586,0.5957441329956055,0.24468758702278137,0.5080820918083191,0.08605816960334778,0.3685482144355774,-0.11821355670690536,0.0040744636207818985,-0.25125786662101746,0.0028982777148485184,-0.12330406159162521,-0.012386392802000046,0.09341386705636978,-0.37073051929473877,0.24723514914512634,-0.5186461210250854,0.29748302698135376,-0.6002537608146667,0.2175339162349701,-0.4534795880317688
0.24610671401023865,-0.0008971541537903249,0.22031359374523163,0.4452246427536011,0.2990342974662781,0.58974689245224,0.24773286283016205,0.5020848512649536,0.08910344541072845,0.3625509738922119,-0.1092037707567215,-0.0019005389185622334,-0.242248073220253,-0.0030767249409109354,-0.11428733170032501,-0.006653197575360537,0.09649234265089035,-0.36481544375419617,0.2503136098384857,-0.5127310752868652,0.2885080873966217,-0.6002644300460815,0.22061239182949066,-0.4475645124912262
0.2371317744255066,-0.0009078345610760152,0.2233588695526123,0.4392274022102356,0.290059357881546,0.5897362232208252,0.2507781386375427,0.49608761072158813,0.09214872121810913,0.35655373334884644,-0.10017994046211243,0.0036868788301944733,-0.23322424292564392,0.002510692924261093,-0.10527060180902481,-0.0009200022905133665,0.09957081824541092,-0.35890036821365356,0.2533920705318451,-0.506816029548645,0.2915865480899811,-0.5943493843078613,0.2116374522447586,-0.447575181722641
0.22815683484077454,-0.0009185149683617055,0.21438392996788025,0.4392167329788208,0.2931046187877655,0.5837389826774597,0.24180319905281067,0.49607694149017334,0.09519399702548981,0.35055649280548096,-0.09117015451192856,-0.0022881238255649805,-0.22420483827590942,-0.0025959573686122894,-0.09624677151441574,0.0046674152836203575,0.10264929383993149,-0.35298529267311096,0.24441713094711304,-0.5068266987800598,0.29466500878334045,-0.5884343385696411,0.21471592783927917,-0.4416601061820984
0.21918189525604248,-0.0009291953756473958,0.21742920577526093,0.4332194924354553,0.28412967920303345,0.5837283134460449,0.24484847486019135,0.49007970094680786,0.09823927283287048,0.3445592522621155,-0.08214632421731949,0.003299294039607048,-0.21518100798130035,0.002991460496559739,-0.08723698556423187,-0.0013075872557237744,0.10572776943445206,-0.34707021713256836,0.2474956065416336,-0.5009116530418396,0.2856900691986084,-0.5884450078010559,0.21779440343379974,-0.4357450306415558
0.21020695567131042,-0.0009398757829330862,0.20845426619052887,0.4332088232040405,0.28717494010925293,0.5777310729026794,0.2358735352754593,0.49006903171539307,0.10128454864025116,0.33856201171875,-0.07313653826713562,-0.0026757086161524057,-0.2061712145805359,-0.0029835421591997147,-0.0782131552696228,0.004279830493032932,0.10880624502897263,-0.34115514159202576,0.23852066695690155,-0.5009223222732544,0.2887685298919678,-0.5825299620628357,0.2088194638490677,-0.4357556998729706
0.20123201608657837,-0.0009505561902187765,0.21149954199790955,0.42721158266067505,0.2902202010154724,0.571733832359314,0.23891881108283997,0.4840717911720276,0.10432982444763184,0.3325647711753845,-0.06411270797252655,0.002911709249019623,-0.19714738428592682,0.002603875705972314,-0.06920336931943893,-0.0016951720463111997,0.1118847206234932,-0.33524006605148315,0.24159914255142212,-0.4950072467327118,0.2797935903072357,-0.5825406312942505,0.21189793944358826,-0.429840624332428
0.1922570765018463,-0.0009612365975044668,0.21454481780529022,0.42121434211730957,0.28124526143074036,0.5717231631278992,0.24196408689022064,0.4780745506286621,0.10737510025501251,0.32656753063201904,-0.05510292202234268,-0.003063293406739831,-0.18813759088516235,-0.00337112694978714,-0.060179539024829865,0.003892245702445507,0.11496319621801376,-0.32932499051094055,0.2446776181459427,-0.4890921711921692,0.2828720510005951,-0.5766255855560303,0.2029229998588562,-0.4298512935638428
0.18328213691711426,-0.0009719170047901571,0.20556987822055817,0.4212036728858948,0.28429052233695984,0.5657259225845337,0.2329891473054886,0.4780638813972473,0.11042037606239319,0.32057029008865356,-0.04608619585633278,0.0026699018198996782,-0.17911376059055328,0.0022162909153848886,-0.051169753074645996,-0.0020827569533139467,0.11804167181253433,-0.32340991497039795,0.23570267856121063,-0.489102840423584,0.28595051169395447,-0.5707105398178101,0.20600147545337677,-0.42393621802330017
0.1743071973323822,-0.0009825973538681865,0.20861515402793884,0.4152064323425293,0.2753155827522278,0.5657152533531189,0.23603442311286926,0.47206664085388184,0.11346565186977386,0.3145730495452881,-0.03707640990614891,-0.0033051008358597755,-0.17010396718978882,-0.003758711740374565,-0.042145922780036926,0.003504660911858082,0.1211201474070549,-0.31749483942985535,0.2387811541557312,-0.4831877648830414,0.2769755721092224,-0.5707212090492249,0.20907995104789734,-0.41802114248275757
0.16533225774765015,-0.0009932777611538768,0.1996402144432068,0.4151957631111145,0.27836084365844727,0.5597180128097534,0.2270594835281372,0.47205597162246704,0.11651092767715454,0.3085758090019226,-0.02805968187749386,0.0024280943907797337,-0.16108013689517975,0.0018287060083821416,-0.03313613682985306,-0.002470341743901372,0.12419862300157547,-0.31157976388931274,0.22980621457099915,-0.4831984341144562,0.2800540328025818,-0.5648061633110046,0.20010501146316528,-0.41803181171417236
0.1563573181629181,-0.001003958168439567,0.20268549025058746,0.409198522567749,0.28140610456466675,0.5537207722663879,0.23010475933551788,0.46605873107910156,0.11955620348453522,0.30257856845855713,-0.01904989592730999,-0.00354690826497972,-0.15207034349441528,-0.00414629653096199,-0.024119408801198006,0.0032628534827381372,0.12727709114551544,-0.30566468834877014,0.23288469016551971,-0.4772833585739136,0.27107909321784973,-0.5648168325424194,0.20318348705768585,-0.41211673617362976
0.14738237857818604,-0.0010146385757252574,0.20573076605796814,0.40320128202438354,0.2724311649799347,0.5537101030349731,0.23315003514289856,0.4600614905357361,0.1226014792919159,0.29658132791519165,-0.010033168829977512,0.002186286961659789,-0.1430465131998062,0.0014411212177947164,-0.015109622851014137,-0.0027121491730213165,0.130355566740036,-0.29974961280822754,0.23596316576004028,-0.47136828303337097,0.2741575539112091,-0.5589017868041992,0.1942085474729538,-0.41212740540504456
0.13840743899345398,-0.0010253189830109477,0.19675582647323608,0.40319061279296875,0.2754764258861542,0.5477128624916077,0.2241750955581665,0.4600508213043213,0.12564675509929657,0.29058408737182617,-0.0010233827633783221,-0.0037887156940996647,-0.13402710855007172,-0.003665529191493988,-0.00609289575368166,0.0030210460536181927,0.13343404233455658,-0.29383453726768494,0.22698822617530823,-0.47137895226478577,0.2772360146045685,-0.552986741065979,0.19728702306747437,-0.40621232986450195
0.12943249940872192,-0.001035999390296638,0.19980110228061676,0.39719337224960327,0.2665014863014221,0.5477021932601929,0.22722037136554718,0.4540535807609558,0.12869203090667725,0.2845868468284607,0.007880025543272495,0.0021796568762511015,-0.12500327825546265,0.0019218885572627187,0.0029168904293328524,-0.002953956602141261,0.13651251792907715,-0.28791946172714233,0.2300667017698288,-0.46546387672424316,0.2682610750198364,-0.5529974102973938,0.20036549866199493,-0.40029725432395935
0.12045756727457047,-0.0010466797975823283,0.1908261626958847,0.3971827030181885,0.2695467472076416,0.5417049527168274,0.21824543178081512,0.454042911529541,0.13173730671405792,0.2785896062850952,-0.001094909617677331,0.002168976468965411,-0.11599349230527878,-0.004053113982081413,-0.006058044731616974,-0.0029646370094269514,0.13959099352359772,-0.28200438618659973,0.22109176218509674,-0.46547454595565796,0.2713395357131958,-0.5470823645591736,0.19139055907726288,-0.40030792355537415
0.111482635140419,-0.0010573602048680186,0.19387143850326538,0.391185462474823,0.2725920081138611,0.5357077121734619,0.2212907075881958,0.44804567098617554,0.1347825825214386,0.27259236574172974,0.007914876565337181,-0.0038060261867940426,-0.10696966201066971,0.0015343037666752934,0.0028453634586185217,0.0030037355609238148,0.13061605393886566,-0.2820150554180145,0.2241702377796173,-0.45955947041511536,0.26236459612846375,-0.5470930337905884,0.19446903467178345,-0.39439284801483154
0.10250770300626755,-0.001068040612153709,0.19691671431064606,0.3851882219314575,0.26361706852912903,0.5356970429420471,0.22433598339557648,0.44204843044281006,0.13782785832881927,0.26659512519836426,-0.0010600585956126451,-0.003816706594079733,-0.09795987606048584,-0.0044406987726688385,-0.0061295717023313046,0.0029930551536381245,0.13369452953338623,-0.2760999798774719,0.22724871337413788,-0.45364439487457275,0.2654430568218231,-0.5411779880523682,0.1854940950870514,-0.39440351724624634
0.09353277087211609,-0.0010787210194393992,0.187941774725914,0.3851775527000427,0.2666623294353485,0.5296998023986816,0.21536104381084442,0.44203776121139526,0.12885291874408722,0.26658445596694946,0.007843349128961563,0.0021516659762710333,-0.08893604576587677,0.0011467189760878682,0.0028802144806832075,-0.0029819475021213293,0.1367730051279068,-0.2701849043369293,0.21827377378940582,-0.45365506410598755,0.2685215175151825,-0.535262942314148,0.18857257068157196,-0.38848844170570374
0.08455783873796463,-0.0010894014267250896,0.19098705053329468,0.37918031215667725,0.25768738985061646,0.5296891331672668,0.2184063196182251,0.4360405206680298,0.1318981945514679,0.260587215423584,-0.0011315860319882631,0.002140985568985343,-0.0799262598156929,-0.004828283563256264,-0.006094720680266619,-0.0029926279094070196,0.12779806554317474,-0.2701955735683441,0.2213522493839264,-0.44773998856544495,0.25954657793045044,-0.5352736115455627,0.19165104627609253,-0.38257336616516113
0.07558290660381317,-0.0011000818340107799,0.18201211094856262,0.37916964292526245,0.26073265075683594,0.5236918926239014,0.20943138003349304,0.436029851436615,0.12292326241731644,0.2605765461921692,0.007878200151026249,-0.003834017086774111,-0.0709095299243927,0.0009049117215909064,0.002808687509968877,0.0029757446609437466,0.1308765411376953,-0.2642804980278015,0.21237730979919434,-0.44775065779685974,0.2626250386238098,-0.5293585658073425,0.18267610669136047,-0.3825840353965759
0.06660797446966171,-0.0011107622412964702,0.1850573867559433,0.373172402381897,0.2637779116630554,0.5176946520805359,0.21247665584087372,0.4300326108932495,0.12596853077411652,0.2545793056488037,-0.0010967350099235773,-0.003844697494059801,-0.06189974397420883,-0.005070090759545565,-0.006166247650980949,0.0029650642536580563,0.12190160900354385,-0.2642911672592163,0.2154557853937149,-0.44183558225631714,0.25365009903907776,-0.5293692350387573,0.18575458228588104,-0.3766689598560333
0.057633038610219955,-0.0011214426485821605,0.18810266256332397,0.3671751618385315,0.25480297207832336,0.5176839828491211,0.2155219316482544,0.42403537034988403,0.1290138065814972,0.24858206510543823,0.007806673180311918,0.002123675076290965,-0.05288301780819893,0.0006631045253016055,0.0028435385320335627,-0.0030099384021013975,0.12498008459806442,-0.2583760917186737,0.21853426098823547,-0.43592050671577454,0.25672855973243713,-0.5234541893005371,0.176779642701149,-0.3766796290874481
0.0486581027507782,-0.0011321230558678508,0.17912772297859192,0.3671644926071167,0.25784823298454285,0.5116867423057556,0.20654699206352234,0.42402470111846924,0.12003887444734573,0.24857138097286224,-0.001168261980637908,0.0021129946690052748,-0.04387323185801506,-0.005311897955834866,-0.006131396628916264,-0.003020618809387088,0.1280585527420044,-0.2524610161781311,0.20955932140350342,-0.43593117594718933,0.2598070204257965,-0.5175391435623169,0.17985811829566956,-0.3707645535469055
0.03968316689133644,-0.001142803463153541,0.1821729987859726,0.3611672520637512,0.2488732933998108,0.5116760730743408,0.20959226787090302,0.41802746057510376,0.12308415025472641,0.24257414042949677,0.007841523736715317,-0.003862007986754179,-0.03485650569200516,0.000421297358116135,0.002772011561319232,0.0029477537609636784,0.11908362060785294,-0.2524716854095459,0.212637796998024,-0.43001610040664673,0.25083208084106445,-0.5175498127937317,0.18293659389019012,-0.3648494780063629
0.030708231031894684,-0.0011534838704392314,0.17319805920124054,0.3611565828323364,0.2519185543060303,0.5056788325309753,0.20061732828617096,0.41801679134368896,0.11410921812057495,0.24256345629692078,-0.0011334114242345095,-0.0038726883940398693,-0.02584671974182129,-0.0055537051521241665,-0.006202923599630594,0.002937073353677988,0.1221620962023735,-0.2465566247701645,0.20366285741329193,-0.4300267696380615,0.25391054153442383,-0.5116347670555115,0.17396165430545807,-0.3648601472377777
0.021733295172452927,-0.0011641642777249217,0.17624333500862122,0.35515934228897095,0.24294361472129822,0.5056681632995605,0.20366260409355164,0.4120195508003235,0.11715449392795563,0.2365662157535553,0.007769996766000986,0.002095684176310897,-0.016829991713166237,0.00017949016182683408,0.002806862583383918,-0.0030379293020814657,0.11318716406822205,-0.24656730890274048,0.2067413330078125,-0.4241116940975189,0.24493560194969177,-0.5116454362869263,0.17704012989997864,-0.3589450716972351
0.012758360244333744,-0.001174844685010612,0.1792886108160019,0.34916210174560547,0.2459888905286789,0.49967092275619507,0.2067078799009323,0.406022310256958,0.1201997697353363,0.23056897521018982,-0.0012049383949488401,0.0020850037690252066,-0.007810585666447878,-0.00492716021835804,-0.006168072577565908,-0.003048609709367156,0.11626563966274261,-0.24065224826335907,0.20981980860233307,-0.4181966185569763,0.24801407754421234,-0.505730390548706,0.16806519031524658,-0.3589557409286499
0.003783425083383918,-0.0011855250922963023,0.17031367123126984,0.3491514325141907,0.24903416633605957,0.4936736822128296,0.19773294031620026,0.4060116410255432,0.11122483760118484,0.23055829107761383,0.007804847788065672,-0.003889998886734247,0.0010928225237876177,0.0010412124684080482,0.002735335612669587,0.00291976286098361,0.11934411525726318,-0.23473718762397766,0.200844869017601,-0.4182072877883911,0.2510925531387329,-0.49981531500816345,0.17114366590976715,-0.3530406653881073
-0.005191510077565908,-0.0011962054995819926,0.1733589470386505,0.3431541919708252,0.24005922675132751,0.4936630129814148,0.20077821612358093,0.40001440048217773,0.11427011340856552,0.22456105053424835,-0.0011700873728841543,-0.0039006792940199375,-0.007882112637162209,0.0010305320611223578,-0.006239599548280239,0.00290908245369792,0.11036918312311172,-0.23474787175655365,0.20392334461212158,-0.4122922122478485,0.24211761355400085,-0.49982598423957825,0.17422214150428772,-0.3471255898475647
0.003825217019766569,0.004536989610642195,0.16438400745391846,0.3431435227394104,0.2431045025587082,0.4876657724380493,0.19180327653884888,0.40000373125076294,0.10529518127441406,0.22455036640167236,0.007733320817351341,0.0020676932763308287,0.0011276734294369817,-0.004944470711052418,0.002770186634734273,-0.003065920202061534,0.1134476587176323,-0.22883281111717224,0.19494840502738953,-0.4123028814792633,0.24519608914852142,-0.49391090869903564,0.16524720191955566,-0.3471362590789795
-0.0051497179083526134,0.0045263092033565044,0.16742928326129913,0.3371462821960449,0.23412956297397614,0.4876551032066345,0.19484855234622955,0.39400649070739746,0.10834045708179474,0.21855312585830688,-0.001241614343598485,0.0020570128690451384,0.004206146113574505,0.0009705937700346112,-0.006204748526215553,-0.0030766006093472242,0.10447272658348083,-0.22884349524974823,0.1980268806219101,-0.4063878059387207,0.23622114956378937,-0.49392157793045044,0.16832567751407623,-0.3412211835384369
0.0038600682746618986,-0.0014486933359876275,0.1704745590686798,0.33114904165267944,0.2371748387813568,0.48165786266326904,0.19789382815361023,0.388009250164032,0.11138573288917542,0.2125558853149414,0.007768171839416027,-0.003917989786714315,-0.004768788814544678,0.0009599133627489209,0.0026986596640199423,0.002891771961003542,0.1075512021780014,-0.22292843461036682,0.20110535621643066,-0.4004727303981781,0.23929962515830994,-0.48800650238990784,0.15935073792934418,-0.3412318527698517
-0.005114866886287928,-0.0014593737432733178,0.16149961948394775,0.33113837242126465,0.2402201145887375,0.47566062211990356,0.18891888856887817,0.3879985809326172,0.10241080075502396,0.21254520118236542,-0.0012067633215337992,-0.003928670194000006,0.004240997135639191,-0.005015089176595211,-0.006276275496929884,0.0028810915537178516,0.11062967777252197,-0.2170133739709854,0.1921304166316986,-0.4004833996295929,0.2423781007528305,-0.48209142684936523,0.16242921352386475,-0.3353167772293091
0.00390186021104455,0.004273821599781513,0.16454489529132843,0.32514113187789917,0.23124517500400543,0.47564995288848877,0.19196416437625885,0.3820013403892517,0.10545607656240463,0.20654796063899994,0.007696644868701696,0.0020397023763507605,-0.004733937792479992,-0.005025769583880901,0.002733510686084628,-0.003093911102041602,0.10165474563837051,-0.2170240581035614,0.19520889222621918,-0.3945683240890503,0.23340316116809845,-0.48210209608078003,0.16550768911838531,-0.3294017016887665
-0.005073074717074633,0.004263141192495823,0.15556995570659637,0.3251304626464844,0.2342904508113861,0.4696527123451233,0.1829892247915268,0.3819906711578369,0.09648114442825317,0.20653727650642395,-0.0012782902922481298,0.00202902196906507,0.00416947016492486,0.0009426030446775258,-0.006241424474865198,-0.0031045915093272924,0.10473322123289108,-0.21110899746418,0.18623395264148712,-0.3945789933204651,0.23648163676261902,-0.4761870205402374,0.15653274953365326,-0.3294123709201813
0.003936711233109236,-0.001711861346848309,0.15861523151397705,0.3191332221031189,0.22531551122665405,0.4696420431137085,0.18603450059890747,0.37599343061447144,0.09952642023563385,0.20054003596305847,0.007731495890766382,-0.003945980686694384,-0.004805464763194323,0.0009319226373918355,0.0026619837153702974,0.0028637810610234737,0.09575828909873962,-0.21111968159675598,0.1893124282360077,-0.3886639177799225,0.22750669717788696,-0.4761976897716522,0.15961122512817383,-0.32349729537963867
-0.005038223695009947,-0.0017225417541339993,0.16166050732135773,0.3131359815597534,0.22836078703403473,0.463644802570343,0.18907977640628815,0.36999619007110596,0.10257169604301453,0.194542795419693,-0.001243439270183444,-0.003956661093980074,0.004204321186989546,-0.005043080076575279,-0.006312951445579529,0.0028531006537377834,0.09883676469326019,-0.20520462095737457,0.19239090383052826,-0.3827488422393799,0.23058517277240753,-0.4702826142311096,0.15063628554344177,-0.32350796461105347
0.003978503402322531,0.004010653588920832,0.15268556773662567,0.3131253123283386,0.2314060628414154,0.45764756202697754,0.1801048368215561,0.36998552083969116,0.09359676390886307,0.194532111287117,0.0076599689200520515,0.0020117114763706923,-0.004770613741129637,-0.0050537604838609695,0.0026968347374349833,-0.0031219020020216703,0.10191524028778076,-0.19928956031799316,0.1834159642457962,-0.3827595114707947,0.2336636483669281,-0.464367538690567,0.15371476113796234,-0.31759288907051086
-0.004996431525796652,0.003999973181635141,0.15573084354400635,0.30712807178497314,0.22243112325668335,0.45763689279556274,0.18315011262893677,0.3639882802963257,0.09664203971624374,0.18853487074375153,-0.0013149662408977747,0.002001031069085002,0.004132794216275215,0.0009146121446974576,-0.006278100423514843,-0.0031325824093073606,0.0929403081536293,-0.19930024445056915,0.18649443984031677,-0.3768444359302521,0.22468870878219604,-0.4643782079219818,0.1567932367324829,-0.31167781352996826
0.004013354424387217,-0.0019750294741243124,0.1467559039592743,0.30711740255355835,0.22547639906406403,0.45163965225219727,0.1741751730442047,0.3639776110649109,0.08766710758209229,0.18852418661117554,0.007694819942116737,-0.003973971586674452,-0.0048421407118439674,0.0009039317374117672,0.0026253077667206526,0.0028357901610434055,0.09601878374814987,-0.19338518381118774,0.17751950025558472,-0.37685510516166687,0.2277671843767166,-0.4584631323814392,0.14781829714775085,-0.31168848276138306
-0.004961580503731966,-0.0019857098814100027,0.14980117976665497,0.30112016201019287,0.21650145947933197,0.45162898302078247,0.1772204488515854,0.3579803705215454,0.09071238338947296,0.18252694606781006,-0.0012801152188330889,-0.003984651993960142,0.004167645238339901,-0.0050710709765553474,-0.006349627394229174,0.0028251097537577152,0.08704385161399841,-0.19339586794376373,0.18059797585010529,-0.37094002962112427,0.21879224479198456,-0.458473801612854,0.15089677274227142,-0.30577340722084045
0.0040551465936005116,0.0037474853452295065,0.15284645557403564,0.2951229214668274,0.21954673528671265,0.445631742477417,0.18026572465896606,0.35198312997817993,0.09375765919685364,0.17652970552444458,0.007623292971402407,0.001983720576390624,-0.004807289689779282,-0.005081751383841038,0.0026601587887853384,-0.0031498929020017385,0.09012232720851898,-0.18748080730438232,0.18367645144462585,-0.36502495408058167,0.22187072038650513,-0.4525587260723114,0.14192183315753937,-0.30578407645225525
-0.004919788334518671,0.003736804937943816,0.1438715159893036,0.2951122522354126,0.22259201109409332,0.4396345019340515,0.171290785074234,0.35197246074676514,0.08478272706270218,0.1765190213918686,-0.0013516421895474195,0.0019730401691049337,0.00409611826762557,0.0008866212447173893,-0.006314776372164488,-0.003160573309287429,0.09320080280303955,-0.18156574666500092,0.1747015118598938,-0.36503562331199646,0.2249491959810257,-0.4466436505317688,0.14500030875205994,-0.29986900091171265
0.004089997615665197,-0.0022381977178156376,0.14691679179668427,0.2891150116920471,0.21361707150936127,0.4396238327026367,0.17433606088161469,0.34597522020339966,0.08782800287008286,0.1705217808485031,0.0076581439934670925,-0.00400196248665452,-0.004878816660493612,0.000875940837431699,0.0025886318180710077,0.0028077992610633373,0.08422587066888809,-0.1815764307975769,0.17777998745441437,-0.35912054777145386,0.21597425639629364,-0.4466543197631836,0.1480787843465805,-0.29395392537117004
-0.004884937312453985,-0.002248878125101328,0.1379418522119522,0.2891043424606323,0.21666234731674194,0.43362659215927124,0.16536112129688263,0.34596455097198486,0.0788530707359314,0.17051109671592712,-0.0013167911674827337,-0.00401264289394021,0.004130969289690256,-0.005099061876535416,-0.0063863033428788185,0.002797118853777647,0.08730434626340866,-0.1756613701581955,0.1688050478696823,-0.35913121700286865,0.2190527319908142,-0.440739244222641,0.13910384476184845,-0.29396459460258484
0.004131789784878492,0.0034843171015381813,0.14098712801933289,0.28310710191726685,0.2076874077320099,0.43361592292785645,0.1684063971042633,0.3399673104286194,0.08189834654331207,0.16451385617256165,0.007586617022752762,0.001955729676410556,-0.0048439656384289265,-0.005109742283821106,0.0026234828401356936,-0.0031778838019818068,0.0783294141292572,-0.17567205429077148,0.17188352346420288,-0.35321614146232605,0.21007779240608215,-0.4407499134540558,0.14218232035636902,-0.28804951906204224
-0.00484314514324069,0.003473636694252491,0.14403240382671356,0.27710986137390137,0.21073268353939056,0.42761868238449097,0.17145167291164398,0.3339700698852539,0.08494362235069275,0.15851661562919617,-0.0013883181381970644,0.0019450492691248655,0.0040594423189759254,0.0008586303447373211,-0.006351452320814133,-0.003188564209267497,0.08140788972377777,-0.16975699365139008,0.17496199905872345,-0.34730106592178345,0.21315626800060272,-0.4348348379135132,0.13320738077163696,-0.28806018829345703
0.004166640806943178,-0.0025013659615069628,0.1350574642419815,0.2770991921424866,0.21377795934677124,0.4216214418411255,0.16247673332691193,0.3339594006538391,0.07596869021654129,0.15850593149662018,0.007621468044817448,-0.004029953386634588,-0.004915492609143257,0.0008479499374516308,0.002551955869421363,0.002779808361083269,0.08448636531829834,-0.16384193301200867,0.1659870594739914,-0.34731173515319824,0.2162347435951233,-0.4289197623729706,0.13628585636615753,-0.28214511275291443
-0.004808294121176004,-0.002512046368792653,0.13810274004936218,0.2711019515991211,0.20480301976203918,0.4216107726097107,0.1655220091342926,0.32796216011047363,0.07901396602392197,0.1525086909532547,-0.0013534671161323786,-0.0040406337939202785,0.004094293341040611,-0.005127052776515484,-0.006422979291528463,0.002769127953797579,0.07551143318414688,-0.16385261714458466,0.16906553506851196,-0.34139665961265564,0.20725980401039124,-0.4289304316043854,0.1393643319606781,-0.2762300372123718
0.0040951138362288475,0.003456326201558113,0.12912780046463013,0.2710912823677063,0.20784829556941986,0.4156135320663452,0.15654706954956055,0.32795149087905884,0.07003903388977051,0.1524980068206787,0.007549941074103117,0.0019277388928458095,-0.004880641587078571,-0.005137733183801174,0.0025868068914860487,-0.003205874701961875,0.07858990877866745,-0.15793755650520325,0.1600905954837799,-0.34140732884407043,0.2103382796049118,-0.4230153560638428,0.13038939237594604,-0.2762407064437866
-0.004879821091890335,0.003445645794272423,0.1321730762720108,0.2650940418243408,0.1988733559846878,0.4156028628349304,0.15959234535694122,0.32195425033569336,0.07308430969715118,0.14650076627731323,-0.0014249940868467093,0.0019170584855601192,0.004022766370326281,0.0008306394447572529,-0.0063881282694637775,-0.0032165551092475653,0.06961497664451599,-0.15794824063777924,0.16316907107830048,-0.33549225330352783,0.20136334002017975,-0.42302602529525757,0.1334678679704666,-0.270325630903244
0.004129964858293533,-0.002529356861487031,0.12319814413785934,0.265083372592926,0.20191863179206848,0.40960562229156494,0.1626376211643219,0.3159570097923279,0.06410937756299973,0.14649008214473724,0.007584792096167803,-0.0040579442866146564,-0.004952168557792902,0.0008199590374715626,0.002515279920771718,0.002751817461103201,0.07269345223903656,-0.15203317999839783,0.16624754667282104,-0.32957717776298523,0.20444181561470032,-0.41711094975471497,0.12449293583631516,-0.2703363001346588
-0.004844970069825649,-0.0025400372687727213,0.12624341249465942,0.25908613204956055,0.20496390759944916,0.40360838174819946,0.15366268157958984,0.3159463405609131,0.0671546533703804,0.14049284160137177,-0.0013901430647820234,-0.004068624693900347,0.004057617392390966,-0.005155043676495552,-0.006459655240178108,0.0027411370538175106,0.07577192783355713,-0.14611811935901642,0.157272607088089,-0.3295878469944,0.2075202912092209,-0.41119587421417236,0.12757140398025513,-0.2644212245941162
0.004058437887579203,0.003428335301578045,0.1292886883020401,0.25308889150619507,0.1959889680147171,0.40359771251678467,0.15670795738697052,0.3099491000175476,0.07019992917776108,0.1344956010580063,0.007513265125453472,0.0018997479928657413,-0.004917317535728216,-0.005165724083781242,0.002550130942836404,-0.003233865601941943,0.06679699569940567,-0.1461288034915924,0.16035108268260956,-0.3236727714538574,0.19854535162448883,-0.41120654344558716,0.1306498795747757,-0.2585061490535736
-0.00491649704053998,0.0034176548942923546,0.12031375616788864,0.2530782222747803,0.19903424382209778,0.3976004719734192,0.14773301780223846,0.3099384307861328,0.06122499331831932,0.1344849169254303,-0.001461670035496354,0.001889067585580051,0.003986090421676636,0.0008026485447771847,-0.006424804218113422,-0.0032445460092276335,0.06987547129392624,-0.140213742852211,0.1513761430978775,-0.3236834406852722,0.2016238272190094,-0.40529146790504456,0.12167494744062424,-0.2585168182849884
0.0040932889096438885,-0.002557347761467099,0.12335903197526932,0.2470809817314148,0.19005930423736572,0.3975898027420044,0.15077829360961914,0.30394119024276733,0.0642702654004097,0.12848767638206482,0.007548116147518158,-0.004085935186594725,-0.004988844506442547,0.0007919681374914944,0.002478603972122073,0.0027238265611231327,0.06090053543448448,-0.140224426984787,0.15445461869239807,-0.3177683651447296,0.19264888763427734,-0.40530213713645935,0.1247534230351448,-0.2526017427444458
-0.004881646018475294,-0.0025680281687527895,0.11438409984111786,0.2470702975988388,0.1931045800447464,0.3915925621986389,0.15382356941699982,0.29794394969940186,0.05529532954096794,0.12847699224948883,-0.0014268190134316683,-0.004096615593880415,0.0040209414437413216,-0.00518303457647562,-0.006496331188827753,0.0027131461538374424,0.06397900730371475,-0.13430936634540558,0.15753309428691864,-0.311853289604187,0.1957273632287979,-0.39938706159591675,0.11577849090099335,-0.2526124119758606
0.004021761938929558,0.0034003444015979767,0.11742937564849854,0.24107305705547333,0.19614985585212708,0.38559532165527344,0.14484862983226776,0.29793328046798706,0.05834060162305832,0.12247974425554276,0.007476589176803827,0.001871757092885673,-0.004953993484377861,-0.005193714983761311,0.002513454994186759,-0.0032618565019220114,0.06705748289823532,-0.12839430570602417,0.14855815470218658,-0.3118639588356018,0.19880583882331848,-0.39347198605537415,0.11885696649551392,-0.2466973513364792
-0.004953172989189625,0.0033896639943122864,0.12047465145587921,0.23507581651210785,0.18717491626739502,0.38558465242385864,0.14789390563964844,0.2919360399246216,0.0613858737051487,0.11648249626159668,-0.001498345984145999,0.0018610766855999827,0.003949414473026991,0.0007746576447971165,-0.006461480166763067,-0.0032725369092077017,0.058082547038793564,-0.12840498983860016,0.15163663029670715,-0.3059488832950592,0.18983089923858643,-0.39348265528678894,0.12193544209003448,-0.24078229069709778
0.004056612960994244,-0.0025853386614471674,0.11149971932172775,0.23506513237953186,0.1902201920747757,0.37958741188049316,0.13891896605491638,0.2919253706932068,0.05241093784570694,0.11647181957960129,0.007511440198868513,-0.004113926086574793,-0.005025520455092192,0.0007639772375114262,0.0024419280234724283,0.0026958356611430645,0.061161018908023834,-0.12248992174863815,0.1426616907119751,-0.305959552526474,0.192909374833107,-0.38756757974624634,0.11296050995588303,-0.24079297482967377
-0.004918321967124939,-0.0025960190687328577,0.11454499512910843,0.22906789183616638,0.18124525249004364,0.37957674264907837,0.14196424186229706,0.2859281301498413,0.05545620992779732,0.11047457158565521,-0.0014634949620813131,-0.004124606493860483,0.003984265495091677,-0.0052110254764556885,-0.006533007137477398,0.002685155253857374,0.05218608304858208,-0.12250059843063354,0.14574016630649567,-0.3000444769859314,0.18393443524837494,-0.38757824897766113,0.1160389855504036,-0.23487791419029236
0.003985085990279913,0.0033723535016179085,0.10557006299495697,0.2290572077035904,0.18429052829742432,0.3735795021057129,0.14500951766967773,0.27993088960647583,0.04648127406835556,0.11046389490365982,0.0074399132281541824,0.0018437661929056048,-0.004990669433027506,-0.005221705883741379,0.002476779045537114,-0.0032898474019020796,0.05526455491781235,-0.11658553034067154,0.14881864190101624,-0.2941294014453888,0.1870129108428955,-0.38166317343711853,0.10706405341625214,-0.23488859832286835
-0.00498984893783927,0.003361673094332218,0.10861533880233765,0.22305996716022491,0.187335804104805,0.3675822615623474,0.13603457808494568,0.27992022037506104,0.04952654615044594,0.10446664690971375,-0.0015350219327956438,0.0018330857856199145,0.003912738524377346,0.0007466667448170483,-0.006498156115412712,-0.00330052780918777,0.05834302678704262,-0.11067046225070953,0.13984370231628418,-0.2941400706768036,0.19009138643741608,-0.3757480978965759,0.1101425290107727,-0.22897353768348694
0.004019937012344599,-0.0026133295614272356,0.11166061460971832,0.21706272661685944,0.17836086452007294,0.3675715923309326,0.13907985389232635,0.27392297983169556,0.052571818232536316,0.09846939891576767,0.007474764250218868,-0.004141916986554861,-0.0050621964037418365,0.000735986337531358,0.0024052520748227835,0.0026678447611629963,0.04936809092760086,-0.11068113893270493,0.14292217791080475,-0.288224995136261,0.18111644685268402,-0.3757587671279907,0.11322100460529327,-0.22305847704410553
-0.004954997915774584,-0.002624009968712926,0.10268568247556686,0.21705204248428345,0.1814061403274536,0.36157435178756714,0.1301049143075943,0.27391231060028076,0.04359688237309456,0.09845872223377228,-0.001500170910730958,-0.004152597393840551,0.003947589546442032,-0.005239016376435757,-0.006569683086127043,0.002657164353877306,0.05244656279683113,-0.10476607084274292,0.1339472383260727,-0.2882356643676758,0.1841949224472046,-0.3698436915874481,0.10424607247114182,-0.22306916117668152
0.003948410041630268,0.0033443626016378403,0.10573095828294754,0.21105480194091797,0.17243120074272156,0.36156368255615234,0.13315019011497498,0.2679150700569153,0.046642154455184937,0.0924614742398262,0.007403237279504538,0.0018157752929255366,-0.005027345381677151,-0.005249696783721447,0.0024401030968874693,-0.003317838301882148,0.043471626937389374,-0.10477674752473831,0.13702571392059326,-0.2823205888271332,0.17521998286247253,-0.3698543608188629,0.10732454806566238,-0.2171541005373001
-0.0050265248864889145,0.00333368219435215,0.09675602614879608,0.21104411780834198,0.17547647655010223,0.35556644201278687,0.13619546592235565,0.2619178295135498,0.03766721859574318,0.09245079755783081,-0.0015716978814452887,0.0018050948856398463,0.003876062808558345,0.0007186758448369801,-0.006534832064062357,-0.003328518709167838,0.046550098806619644,-0.0988616794347763,0.14010418951511383,-0.2764055132865906,0.1782984584569931,-0.3639392852783203,0.09834961593151093,-0.2171647846698761
0.003983261063694954,-0.002641320461407304,0.09980130195617676,0.2050468772649765,0.1785217523574829,0.3495692014694214,0.1272205263376236,0.261907160282135,0.04071249067783356,0.08645354956388474,0.007438088301569223,-0.004169907886534929,-0.005098872352391481,0.0007079954375512898,0.0023685761261731386,0.002639853861182928,0.049628570675849915,-0.0929466113448143,0.13112924993038177,-0.27641618251800537,0.18137693405151367,-0.3580242097377777,0.1014280915260315,-0.2112497240304947
-0.004991673864424229,-0.002652000868692994,0.10284657776355743,0.19904963672161102,0.16954681277275085,0.3495585322380066,0.13026580214500427,0.25590991973876953,0.043757762759923935,0.08045630156993866,-0.0015368468593806028,-0.00418058829382062,0.003910913597792387,-0.005267007276415825,-0.006606359034776688,0.0026291734538972378,0.04065363481640816,-0.09295728802680969,0.13420772552490234,-0.27050110697746277,0.17240199446678162,-0.3580348789691925,0.10450656712055206,-0.20533466339111328
0.003911734092980623,0.003316371701657772,0.09387164562940598,0.19903895258903503,0.17259208858013153,0.3435612916946411,0.12129087001085281,0.25589925050735474,0.03478282690048218,0.08044562488794327,0.007366561330854893,0.0017877843929454684,-0.005064021330326796,-0.005277687683701515,0.0024034271482378244,-0.003345829201862216,0.04373210668563843,-0.08704221993684769,0.1252327859401703,-0.27051177620887756,0.17548047006130219,-0.3521198034286499,0.0955316349864006,-0.20534534752368927
-0.005063200835138559,0.0033056912943720818,0.09691692143678665,0.19304171204566956,0.16361714899539948,0.3435506224632263,0.12433614581823349,0.24990200996398926,0.037828098982572556,0.07444837689399719,-0.0016083738300949335,0.0017771039856597781,0.0038393868599087,0.0006906849448569119,-0.006571508012712002,-0.0033565096091479063,0.03475717082619667,-0.08705289661884308,0.12831126153469086,-0.26459670066833496,0.16650553047657013,-0.3521304726600647,0.09861011058092117,-0.19943028688430786
0.003946585115045309,-0.002669311361387372,0.08794198930263519,0.19303102791309357,0.16666242480278015,0.33755338191986084,0.12738141417503357,0.24390476942062378,0.0288531631231308,0.0744377002120018,0.0074014123529195786,-0.0041978987865149975,-0.005135548301041126,0.0006800045375712216,0.0023319001775234938,0.00261186296120286,0.03783564269542694,-0.08113782852888107,0.13138973712921143,-0.25868162512779236,0.1695840060710907,-0.3462153971195221,0.08963517844676971,-0.19944097101688385
-0.0050283498130738735,-0.0026799917686730623,0.09098726511001587,0.1870337873697281,0.16970770061016083,0.33155614137649536,0.11840648204088211,0.2438940852880478,0.031898435205221176,0.06844045221805573,-0.0015735228080302477,-0.004208579193800688,0.003874237881973386,-0.005294998176395893,-0.0066430349834263325,0.0026011825539171696,0.04091411456465721,-0.07522276043891907,0.12241480499505997,-0.25869229435920715,0.17266248166561127,-0.3403003215789795,0.09271365404129028,-0.19352591037750244
0.003875058377161622,0.003288380801677704,0.09403254091739655,0.1810365468263626,0.16073276102542877,0.33154547214508057,0.12145175784826279,0.2378968447446823,0.034943707287311554,0.06244320422410965,0.007329885382205248,0.0017597934929654002,-0.00510069727897644,-0.005305678583681583,0.0023667511995881796,-0.003373820101842284,0.031939178705215454,-0.07523343712091446,0.12549327313899994,-0.25277721881866455,0.1636875420808792,-0.3403109908103943,0.09579212963581085,-0.18761084973812103
-0.005099876783788204,0.0032777003943920135,0.08505760878324509,0.18102586269378662,0.16377803683280945,0.3255482316017151,0.11247682571411133,0.23788616061210632,0.025968771427869797,0.06243252381682396,-0.0016450497787445784,0.00174911308567971,0.003802710911259055,0.0006626940448768437,-0.006608183961361647,-0.0033845005091279745,0.035017650574445724,-0.06931836903095245,0.11651834100484848,-0.25278788805007935,0.16676601767539978,-0.3343959152698517,0.0868171975016594,-0.18762153387069702
0.003909909166395664,-0.0026973022613674402,0.08810288459062576,0.17502862215042114,0.1548030972480774,0.3255375623703003,0.115522101521492,0.23188892006874084,0.029014045372605324,0.056435275822877884,0.007364736404269934,-0.004225889686495066,-0.005172224249690771,0.0006520136375911534,0.002295224228873849,0.0025838720612227917,0.026042714715003967,-0.06932904571294785,0.11959681659936905,-0.24687282741069794,0.15779107809066772,-0.3344065845012665,0.08989567309617996,-0.1817064732313156
-0.005065025761723518,-0.0027079826686531305,0.0791279524564743,0.17501793801784515,0.15784837305545807,0.3195403218269348,0.10654716938734055,0.23187823593616486,0.020039109513163567,0.056424595415592194,-0.0016101987566798925,-0.004236570093780756,0.003837561933323741,-0.005322989076375961,-0.006679710932075977,0.0025731916539371014,0.029121186584234238,-0.06341397762298584,0.12267529219388962,-0.24095776677131653,0.1608695536851883,-0.3284915089607239,0.0809207409620285,-0.1817171573638916
0.003838382428511977,0.0032603899016976357,0.08217322826385498,0.16902069747447968,0.16089364886283875,0.31354308128356934,0.10959244519472122,0.22588099539279938,0.023084383457899094,0.05042734742164612,0.007293209433555603,0.001731802592985332,-0.005137373227626085,-0.005333669483661652,0.0023300752509385347,-0.0034018110018223524,0.03219965845346451,-0.05749891325831413,0.11370036005973816,-0.24096845090389252,0.16394802927970886,-0.3225764334201813,0.08399921655654907,-0.1758020967245102
-0.005136552732437849,0.0032497094944119453,0.08521850407123566,0.1630234569311142,0.1519187092781067,0.31353241205215454,0.1126377210021019,0.2198837548494339,0.02612965740263462,0.04443009942770004,-0.0016817257273942232,0.0017211221856996417,0.0037660349626094103,0.0006347031448967755,-0.0066448599100112915,-0.0034124914091080427,0.02322472259402275,-0.05750959366559982,0.11677883565425873,-0.2350533902645111,0.1549730896949768,-0.32258710265159607,0.08707769215106964,-0.16988703608512878
0.003873233450576663,-0.0027252931613475084,0.0762435719370842,0.1630127727985382,0.15496398508548737,0.30753517150878906,0.10366278886795044,0.2198730707168579,0.017154721543192863,0.04441941902041435,0.007328060455620289,-0.004253880586475134,-0.005208900198340416,0.0006240227376110852,0.002258548280224204,0.0025558811612427235,0.02630319446325302,-0.051594529300928116,0.10780390352010727,-0.2350640743970871,0.15805156528949738,-0.31667202711105347,0.07810276001691818,-0.16989772021770477
-0.005101701710373163,-0.0027359735686331987,0.07928884774446487,0.15701553225517273,0.1459890455007553,0.30752450227737427,0.10670806467533112,0.21387583017349243,0.02019999548792839,0.03842217102646828,-0.0016468747053295374,-0.004264560993760824,0.003800885984674096,-0.0053509799763560295,-0.006716386880725622,0.002545200753957033,0.017328258603811264,-0.051605209708213806,0.11088237911462784,-0.2291490137577057,0.14907662570476532,-0.31668269634246826,0.08118123561143875,-0.16398265957832336
0.0038017064798623323,0.0032323990017175674,0.07031391561031342,0.15700484812259674,0.149034321308136,0.3015272617340088,0.09773313254117966,0.21386514604091644,0.011225060559809208,0.03841149061918259,0.007256533484905958,0.0017038116930052638,-0.00517404917627573,-0.00536166038364172,0.00229339930228889,-0.0034298019018024206,0.020406730473041534,-0.0456901453435421,0.11396085470914841,-0.22323395311832428,0.1521551012992859,-0.31076762080192566,0.07220630347728729,-0.16399334371089935
-0.005173228681087494,0.003221718594431877,0.07335919141769409,0.15100760757923126,0.15207959711551666,0.2955300211906433,0.10077840834856033,0.20786790549755096,0.014270334504544735,0.03241424262523651,-0.001718401676043868,0.0016931312857195735,0.0037293590139597654,0.0006067122449167073,-0.006681535858660936,-0.003440482309088111,0.023485202342271805,-0.03977508097887039,0.10498592257499695,-0.22324463725090027,0.15523357689380646,-0.30485254526138306,0.07528477907180786,-0.15807828307151794
0.003836557501927018,-0.0027532840613275766,0.07640446722507477,0.14501036703586578,0.1431046575307846,0.2955193519592285,0.10382368415594101,0.20187066495418549,0.017315607517957687,0.026416994631290436,0.007291384506970644,-0.004281871486455202,-0.005245576146990061,0.000596031837631017,0.002221872331574559,0.0025278902612626553,0.014510267414152622,-0.03978576138615608,0.10806439816951752,-0.21732957661151886,0.1462586373090744,-0.30486321449279785,0.07836325466632843,-0.15216322243213654
-0.005138377659022808,-0.002763964468613267,0.06742953509092331,0.1449996829032898,0.14614993333816528,0.28952211141586304,0.09484875202178955,0.2018599808216095,0.008340672589838505,0.026406314224004745,-0.0016835506539791822,-0.004292551893740892,0.0037642100360244513,-0.005378970876336098,-0.006753062829375267,0.002517209853976965,0.017588740214705467,-0.033870697021484375,0.09908946603536606,-0.21734026074409485,0.14933711290359497,-0.29894813895225525,0.06938832253217697,-0.15217390656471252
0.0037650305312126875,0.0032044081017374992,0.07047481089830399,0.13900244235992432,0.13717499375343323,0.28951144218444824,0.09789402782917023,0.19586274027824402,0.011385946534574032,0.02040906623005867,0.007219857536256313,0.0016758207930251956,-0.005210725124925375,-0.005389651283621788,0.002256723353639245,-0.003457792801782489,0.008613805286586285,-0.033881377428770065,0.10216794162988663,-0.21142520010471344,0.14036217331886292,-0.29895880818367004,0.07246679812669754,-0.14625884592533112
-0.005209904629737139,0.003193727694451809,0.06149987503886223,0.13899175822734833,0.1402202695608139,0.28351420164108276,0.08891909569501877,0.19585205614566803,0.0024110113736242056,0.02039838582277298,-0.001755077624693513,0.0016651403857395053,0.0036926830653101206,0.0005787213449366391,-0.006718211807310581,-0.003468473209068179,0.01169227808713913,-0.027966313064098358,0.1052464172244072,-0.20551013946533203,0.14344064891338348,-0.29304373264312744,0.06349186599254608,-0.1462695300579071
0.0037998815532773733,-0.002781274961307645,0.0645451471209526,0.13299451768398285,0.14326554536819458,0.2775169610977173,0.09196437150239944,0.18985481560230255,0.005456285085529089,0.014401138760149479,0.007254708558320999,-0.00430986238643527,-0.005282252095639706,0.0005680409376509488,0.0021851963829249144,0.002499899361282587,0.014770750887691975,-0.02205124869942665,0.09627148509025574,-0.20552082359790802,0.14651912450790405,-0.28712865710258484,0.06657034158706665,-0.1403544694185257
-0.005175053607672453,-0.002791955368593335,0.06759042292833328,0.12699727714061737,0.13429060578346252,0.2775062918663025,0.09500964730978012,0.18385757505893707,0.008501558564603329,0.008403891697525978,-0.001720226602628827,-0.004320542793720961,0.0037275340873748064,-0.005406961776316166,-0.006789738778024912,0.0024892189539968967,0.005795815959572792,-0.02206192910671234,0.0993499606847763,-0.1996057629585266,0.137544184923172,-0.28713932633399963,0.06964881718158722,-0.1344394087791443
0.0037283545825630426,0.003176417201757431,0.058615487068891525,0.12698659300804138,0.1373358815908432,0.271509051322937,0.08603471517562866,0.18384689092636108,-0.00047337659634649754,0.008393211290240288,0.0071831815876066685,0.0016478298930451274,-0.00524740107357502,-0.005417642183601856,0.0022200474049896,-0.003485783701762557,0.008874288760125637,-0.016146864742040634,0.09037502855062485,-0.1996164470911026,0.14062266051769257,-0.28122425079345703,0.06067388132214546,-0.13445009291172028
-0.005246580578386784,0.0031657367944717407,0.0616607591509819,0.1209893450140953,0.12836094200611115,0.2714983820915222,0.08907999098300934,0.1778496503829956,0.00848283153027296,0.0023945614229887724,-0.0017917535733431578,0.001637149485759437,0.0036560071166604757,0.0005507304449565709,-0.006754887755960226,-0.0034964641090482473,-0.00010064640082418919,-0.016157545149326324,0.09345350414514542,-0.1937013864517212,0.1316477209329605,-0.2812349200248718,0.06375235319137573,-0.12853503227233887
0.0037632056046277285,-0.002809265861287713,0.052685823291540146,0.12097866833209991,0.13140621781349182,0.26550114154815674,0.08010505884885788,0.17783896625041962,-0.0004921036306768656,0.002383881015703082,0.007218032609671354,-0.0043378532864153385,-0.0053189280442893505,0.0005400500376708806,0.0021485204342752695,0.002471908461302519,0.008695743046700954,-0.010171917267143726,0.09653197973966599,-0.18778632581233978,0.13472619652748108,-0.2753198444843292,0.054777417331933975,-0.12854571640491486
-0.005211729556322098,-0.0028199462685734034,0.055731095373630524,0.11498142033815384,0.1344514936208725,0.25950390100479126,0.08315033465623856,0.17184172570705414,0.008464104495942593,-0.0036147688515484333,-0.001756902551278472,-0.004348533693701029,0.0036908581387251616,-0.005434952676296234,-0.006826414726674557,0.0024612280540168285,-0.0002791921142488718,-0.010182597674429417,0.08755704760551453,-0.18779700994491577,0.13780467212200165,-0.2694047689437866,0.057855889201164246,-0.12263064831495285
0.003691678633913398,0.003148426301777363,0.0587763674557209,0.10898417234420776,0.12547655403614044,0.25949323177337646,0.08619561046361923,0.16584448516368866,-0.0005108306650072336,-0.0036254492588341236,0.007146505638957024,0.0016198389930650592,-0.005284077022224665,-0.0054456330835819244,0.0021833714563399553,-0.0035137746017426252,0.008517197333276272,-0.0041969697922468185,0.0906355232000351,-0.18188194930553436,0.1288297325372696,-0.2694154381752014,0.060934361070394516,-0.11671558022499084
-0.0052832565270364285,0.0031377458944916725,0.049801431596279144,0.10897349566221237,0.12852182984352112,0.253495991230011,0.07722067832946777,0.16583380103111267,0.00828555878251791,0.0023601786233484745,-0.0018284295219928026,0.0016091585857793689,0.003619331168010831,0.0005227395449765027,-0.006791563704609871,-0.0035244550090283155,-0.0004577378276735544,-0.004207650199532509,0.08166059106588364,-0.18189263343811035,0.13190820813179016,-0.2635003626346588,0.05195942521095276,-0.11672625690698624
0.0037265296559780836,-0.0028372567612677813,0.05284670367836952,0.1029762476682663,0.11954689770936966,0.2534853219985962,0.08026595413684845,0.1598365604877472,-0.0006893763784319162,0.002349498216062784,0.0071813566610217094,-0.004365844186395407,-0.005355603992938995,0.0005120591376908123,0.0021118444856256247,0.0024439175613224506,0.00833865161985159,0.0017779776826500893,0.0847390666604042,-0.17597757279872894,0.1229332759976387,-0.2635110318660736,0.05503789708018303,-0.11081118881702423
-0.005248405504971743,-0.0028479371685534716,0.043871767818927765,0.1029655709862709,0.12259217351675034,0.2474880814552307,0.07129102200269699,0.1598258763551712,0.008266831748187542,-0.003649151651188731,-0.0017935784999281168,-0.004376524593681097,0.0036541821900755167,-0.005462943576276302,-0.006863090675324202,0.0024332371540367603,-0.000636283541098237,0.001767297275364399,0.08781754225492477,-0.17006251215934753,0.12601174414157867,-0.257595956325531,0.04606296122074127,-0.11082186549901962
0.003655002685263753,0.0031204354017972946,0.04691703990101814,0.09696832299232483,0.12563744187355042,0.24149084091186523,0.07433629781007767,0.15382863581180573,-0.0007081034127622843,-0.0036598320584744215,0.007109829690307379,0.001591848093084991,-0.0053207529708743095,-0.005473623983561993,0.0021466955076903105,-0.0035417655017226934,0.008319924585521221,-0.00423135282471776,0.07884261012077332,-0.17007319629192352,0.12909021973609924,-0.2516808807849884,0.04914143308997154,-0.10490679740905762
-0.005319932475686073,0.0031097549945116043,0.04996231198310852,0.09097107499837875,0.11666250973939896,0.24148015677928925,0.07738157361745834,0.14783139526844025,0.008195304311811924,0.0023085405118763447,-0.0018651054706424475,0.0015811676857993007,0.003582655219361186,0.0004947486449964345,-0.006828239653259516,-0.0035524459090083838,-0.0006550105754286051,-0.00424203323200345,0.08192108571529388,-0.16415813565254211,0.12011528760194778,-0.2516915500164032,0.05221990495920181,-0.09899172931909561
0.0036898537073284388,-0.0028652476612478495,0.04098737612366676,0.09096039831638336,0.11970778554677963,0.23548291623592377,0.06840664148330688,0.14782071113586426,-0.0007796308491379023,0.0022978601045906544,0.007144680712372065,-0.004393835086375475,-0.00539227994158864,0.00048406823771074414,0.00207516853697598,0.0024159266613423824,0.008141378872096539,0.0017435946501791477,0.07294615358114243,-0.1641688197851181,0.12319376319646835,-0.2457764893770218,0.043244969099760056,-0.099002406001091
-0.0052850814536213875,-0.0028759280685335398,0.04403264820575714,0.08496315032243729,0.11073285341262817,0.23547223210334778,0.07145191729068756,0.14182347059249878,0.008176577277481556,-0.003700789762660861,-0.0018302544485777617,-0.004404515493661165,0.003617506241425872,-0.0054909344762563705,-0.0068997666239738464,0.002405246254056692,-0.0008335562888532877,0.0017329142428934574,0.076024629175663,-0.1582537591457367,0.1142188310623169,-0.24578717350959778,0.046323440968990326,-0.093087337911129
0.003618326736614108,0.0030924445018172264,0.035057712346315384,0.0849524736404419,0.11377812922000885,0.2294749915599823,0.062476981431245804,0.1418127864599228,-0.0007983578834682703,-0.0037114701699465513,0.007073153741657734,0.0015638571931049228,-0.005357428919523954,-0.005501614883542061,0.0021100195590406656,-0.0035697564017027617,0.008176229894161224,-0.004242088180035353,0.07910310477018356,-0.15233869850635529,0.11729730665683746,-0.23987211287021637,0.03734850510954857,-0.09309801459312439
-0.005356608424335718,0.003081764094531536,0.03810298442840576,0.07895522564649582,0.11682340502738953,0.22347775101661682,0.06552225351333618,0.1358155459165573,0.008105049841105938,0.002256902400404215,-0.0019017814192920923,0.0015531767858192325,0.003545979270711541,0.00046675774501636624,-0.006864915601909161,-0.003580436808988452,-0.0007987052667886019,-0.004252768587321043,0.0701281726360321,-0.15234938263893127,0.12037578225135803,-0.23395705223083496,0.04042697697877884,-0.08718294650316238
0.003653177758678794,-0.0028932385612279177,0.04114825651049614,0.07295797765254974,0.10784847289323807,0.22346706688404083,0.06856752932071686,0.12981830537319183,-0.0008698853198438883,0.0022462219931185246,0.00710800476372242,-0.004421825986355543,-0.005428955890238285,0.00045607733773067594,0.002038492588326335,0.0023879357613623142,0.008104702457785606,0.001715604099445045,0.07320664823055267,-0.14643432199954987,0.11140085011720657,-0.23396773636341095,0.04350544884800911,-0.08126787841320038
-0.005321757402271032,-0.002903918968513608,0.03217332065105438,0.07294730097055435,0.11089374870061874,0.21746982634067535,0.0595925934612751,0.12980762124061584,0.00808632280677557,-0.003752427874132991,-0.0018669303972274065,-0.0044325063936412334,0.003580830292776227,-0.005518925376236439,-0.006936442572623491,0.002377255354076624,-0.0008702327031642199,0.0017049236921593547,0.06423171609640121,-0.14644500613212585,0.11447932571172714,-0.22805267572402954,0.03453051298856735,-0.08127855509519577
0.0035816507879644632,0.003064453601837158,0.03521859273314476,0.06695005297660828,0.10191881656646729,0.21745914220809937,0.06263786554336548,0.12381037324666977,-0.0008886123541742563,-0.003763108281418681,0.007036477793008089,0.0015358662931248546,-0.005394104868173599,-0.005529605783522129,0.0020733436103910208,-0.00359774730168283,0.008139553479850292,-0.004270079080015421,0.06731019169092178,-0.14052994549274445,0.10550439357757568,-0.22806335985660553,0.03760898485779762,-0.07536348700523376
-0.005393284372985363,0.003053773194551468,0.026243656873703003,0.06693937629461288,0.10496409237384796,0.2114619016647339,0.05366292968392372,0.12379969656467438,0.008014795370399952,0.002205264288932085,-0.0019384573679417372,0.0015251858858391643,0.0035093033220618963,0.00043876684503629804,-0.0069015915505588055,-0.00360842770896852,-0.000835381681099534,-0.004280759487301111,0.07038866728544235,-0.13461488485336304,0.10858286917209625,-0.22214829921722412,0.028634048998355865,-0.07537416368722916
0.003616501810029149,-0.002921229461207986,0.02928893081843853,0.06094212830066681,0.10800936818122864,0.2054646611213684,0.0567082017660141,0.1178024485707283,-0.0009601397905498743,0.0021945838816463947,0.007071328815072775,-0.004449816886335611,-0.00546563183888793,0.00042808643775060773,0.00200181663967669,0.002359944861382246,0.008068026043474674,0.0016876131994649768,0.061413731426000595,-0.13462556898593903,0.11166134476661682,-0.2162332385778427,0.031712520867586136,-0.06945909559726715
-0.005358433350920677,-0.002931909868493676,0.03233420476317406,0.054944880306720734,0.09903443604707718,0.20545397698879242,0.05975347384810448,0.11180520057678223,0.007996068336069584,-0.0038040659856051207,-0.0019036063458770514,-0.004460497293621302,0.003544154344126582,-0.005546916276216507,-0.006973118521273136,0.0023492644540965557,-0.000906909117475152,0.0016769327921792865,0.06449220329523087,-0.12871050834655762,0.10268641263246536,-0.2162439227104187,0.034790992736816406,-0.06354402750730515
0.0035449748393148184,0.00303646270185709,0.0233592689037323,0.05493419989943504,0.10207971185445786,0.19945673644542694,0.05077853798866272,0.11179452389478683,-0.0009788668248802423,-0.003814746392890811,0.006999801844358444,0.0015078753931447864,-0.005430780816823244,-0.005557596683502197,0.002036667661741376,-0.003625738201662898,0.00810287706553936,-0.004298069979995489,0.05551726743578911,-0.1287211924791336,0.10576488822698593,-0.2103288620710373,0.02581605687737465,-0.06355470418930054
-0.005429960321635008,0.0030257822945713997,0.026404542848467827,0.04893695190548897,0.0931047797203064,0.19944605231285095,0.0538238100707531,0.10579727590084076,0.007924540899693966,0.002153626177459955,-0.001975133316591382,0.001497194985859096,0.0034726273734122515,0.00041077594505622983,-0.00693826749920845,-0.0036364186089485884,-0.0008720580954104662,-0.004308750387281179,0.05859573930501938,-0.1228061243891716,0.09678995609283447,-0.21033954620361328,0.02889452874660492,-0.05763963982462883
0.003579825861379504,-0.002949220361188054,0.01742960698902607,0.04892627149820328,0.09615005552768707,0.19344881176948547,0.04484887421131134,0.10578659921884537,-0.0010503942612558603,0.002142945770174265,0.00703465286642313,-0.0044778077863156796,-0.005502307787537575,0.0004000955377705395,0.0019651406910270452,0.002331953961402178,0.008031349629163742,0.0016596222994849086,0.06167421117424965,-0.1168910562992096,0.09986843168735504,-0.20442448556423187,0.019919592887163162,-0.05765032023191452
-0.005395109299570322,-0.0029599007684737444,0.020474880933761597,0.0429290235042572,0.09919533133506775,0.18745157122612,0.04789414629340172,0.09978935122489929,0.007959391921758652,-0.003832056885585189,-0.0019402822945266962,-0.00448848819360137,0.0035074783954769373,-0.005574907176196575,-0.007009794469922781,0.0023212735541164875,-0.0009435855317860842,0.0016489418921992183,0.05269927531480789,-0.11690173298120499,0.10294690728187561,-0.19850942492485046,0.022998064756393433,-0.05173525586724281
0.0035082988906651735,0.003008471801877022,0.023520154878497124,0.03693177551031113,0.09022039920091629,0.187440887093544,0.050939418375492096,0.09379210323095322,-0.0010155432391911745,-0.003842737292870879,0.006963125895708799,0.0014798844931647182,-0.005467456765472889,-0.0055855875834822655,0.001999991713091731,-0.0036537291016429663,0.008066200651228428,-0.004326060879975557,0.05577774718403816,-0.11098666489124298,0.09397197514772415,-0.19852010905742645,0.026076536625623703,-0.045820191502571106
-0.005466636270284653,0.0029977913945913315,0.014545219950377941,0.036921095103025436,0.09326567500829697,0.18144364655017853,0.04196448251605034,0.09378142654895782,0.007887864485383034,0.002125635277479887,-0.002011809265241027,0.0014692040858790278,0.0034359514247626066,0.0003827850450761616,-0.006974943447858095,-0.0036644095089286566,-0.0009087345097213984,-0.004336741287261248,0.046802811324596405,-0.11099734157323837,0.09705045074224472,-0.19260504841804504,0.017101600766181946,-0.045830871909856796
0.0035431499127298594,-0.0029772112611681223,0.017590492963790894,0.03092384710907936,0.08429074287414551,0.18143296241760254,0.04500975459814072,0.08778417855501175,-0.0010870706755667925,0.0021149548701941967,0.006997976917773485,-0.004505798686295748,-0.00553898373618722,0.0003721046377904713,0.0019284647423774004,0.0023039630614221096,0.00799467321485281,0.0016316313995048404,0.049881283193826675,-0.10508227348327637,0.08807551860809326,-0.19261573255062103,0.020180072635412216,-0.03991580754518509
-0.005431785248219967,-0.0029878916684538126,0.008615558035671711,0.03091316670179367,0.08733601868152618,0.17543572187423706,0.03603481873869896,0.08777350187301636,0.00792271550744772,-0.003860047785565257,-0.001976958243176341,-0.004516479093581438,0.0034708024468272924,-0.005602898076176643,-0.007046470418572426,0.0022932826541364193,-0.0009802619460970163,0.00162095099221915,0.052959755063056946,-0.09916720539331436,0.09115399420261383,-0.18670067191123962,0.011205137707293034,-0.03992648795247078
